year,ADM1_NAME,ADM2_NAME,Stability Zone,Area_Sleikh,Area_Under_Trees,Area_Total,Production,Yield_kg_ha,Area_Rainfed,Production_Rainfed,Yield_Rainfed_kg_ha,Total_Production
2004,Homs,Tall Kalakh,1,2909,0,2909,9076,3120,3231,4581,1417,13657
2004,Hama,Hama,2,70,0,70,0,0,20,0,0,0
2004,Hama,Hama,3,315,0,315,0,0,0,0,0,0
2004,Hama,Hama,4,381,0,381,1959,5141.732283,0,0,0,1959
2004,Hama,Al-Ghab,1,4784,0,4784,22628,4729.93311,127,0,0,22628
2004,Idleb,Idleb,1,4370,0,4370,21894,5010.06865,8474,21643,2554.047675,43537
2004,Idleb,Idleb,2,1057,0,1057,5773,5461.684011,7231,17246,2385.008989,23019
2004,Idleb,Idleb,3,1253,0,1253,6534,5214.684757,5412,12563,2321.322986,19097
2004,Idleb,Harim,1,647,0,647,3209,4959.814529,353,871,2467.422096,4080
2004,Idleb,Al-Ma'ra,1,741,0,741,4947,6676.11336,10494,28911,2755.002859,33858
2004,Idleb,Al-Ma'ra,2,210,0,210,869,4138.095238,13053,20629,1580.402972,21498
2004,Idleb,Al-Ma'ra,3,0,0,0,0,0,3245,2168,668.1047766,2168
2004,Idleb,Ariha,1,345,0,345,1515,4391.304348,777,2103,2706.563707,3618
2004,Tartous,Tartous,1,6032,0,6032,25274,4190,347,1162,3348.70317,26436
2004,Tartous,Banyas,1,22,0,22,54,2454.545455,915,1418,1549.726776,1472
2004,Tartous,Safita,1,28,0,28,84,3000,235,552,2348.93617,636
2004,Tartous,Dreikisch,1,0,0,0,0,0,15,16,1066.666667,16
2004,Tartous,Sheikh Badr,1,0,0,0,0,0,454,0,0,0
2004,Lattakia,Al-Hafa,1,0,0,0,0,0,21,45,2142.857143,45
2004,Aleppo,A'zaz,1,1319,0,1319,4308,3266.110691,12848,24307,1891,28615
2004,Aleppo,A'zaz,2,239,0,239,835,3493.723849,3205,6298,1965,7133
2004,Aleppo,Afrin,1,438,0,438,2006,4580,1814,4554,2510.473,6560
2004,Aleppo,Jarablus,2,842,0,842,2140,2541.567696,22595,23702,1048,25842
2004,Aleppo,Al-Bab,1,0,0,0,0,0,1500,2687,1791.333333,2687
2004,Aleppo,Al-Bab,2,351,0,351,1516,4319.088319,22621,10294,455,11810
2004,Aleppo,Al-Bab,3,6880,0,6880,30685,4460.02907,2090,1463,700,32148
2004,Aleppo,Al-Bab,4,2355,0,2355,9632,4090,0,0,0,9632
2004,Aleppo,Menbij,2,4170,0,4170,16000,3836.930456,19626,10465,533,26465
2004,Aleppo,Menbij,3,3522,0,3522,16730,4749,5195,4431,853,21161
2004,Aleppo,Menbij,4,18132,0,18132,90079,4968,70,0,0,90079
2004,Aleppo,Menbij,5,4670,0,4670,26059,5580,0,0,0,26059
2004,Aleppo,Ain Al-Arab,2,12015,0,12015,43662,3633,48549,49762,1024,93424
2004,Aleppo,Ain Al-Arab,3,3322,0,3322,12192,3669,2800,2388,853,14580
2004,Aleppo,Jebel Saman,1,523,0,523,2740,5239,1287,4054,3150,6794
2004,Aleppo,Jebel Saman,2,1861,0,1861,9804,5267,1063,2797,2630,12601
2004,Aleppo,Jebel Saman,3,271,0,271,975,3598,437,207,474,1182
2004,Aleppo,Jebel Saman,4,108,0,108,447,4138.888889,0,0,0,447
2004,Aleppo,As-Safira,2,3019,0,3019,13525,4480,1462,1535,1050,15060
2004,Aleppo,As-Safira,3,3096,0,3096,13932,4500,2673,2753,1030,16685
2004,Aleppo,As-Safira,4,590,0,590,2640,4474.576271,1992,1593,800,4233
2004,Raqqa,Raqqa,3,258,0,258,877,3399.224806,700,132,188.5714286,1009
2004,Raqqa,Raqqa,4,12151,0,12151,59212,4872,12224,2447,200,61659
2004,Raqqa,Raqqa,5,16744,0,16744,93448,5581,1305,55,42,93503
2004,Raqqa,Tell Abiad,2,22444,0,22444,94736,4220,32388,30963,956,125699
2004,Raqqa,Tell Abiad,3,2783,0,2783,11171,4014,18058,7539,417,18710
2004,Raqqa,Tell Abiad,4,255,0,255,1012,3968.627451,30,5,166.6666667,1017
2004,Raqqa,Tabqat,3,1772,0,1772,8816,4975,90,37,411.1111111,8853
2004,Raqqa,Tabqat,4,3443,0,3443,14667,4259,700,0,0,14667
2004,Raqqa,Tabqat,5,17753,0,17753,74883,4218,1400,0,0,74883
2004,Dayr Az-Zor,Dayr Az-Zor,4,1954,0,1954,8832,4519,2925,140,48,8972
2004,Dayr Az-Zor,Dayr Az-Zor,5,26519,0,26519,110664,4172,0,0,0,110664
2004,Dayr Az-Zor,Al-Mayadin,5,9101,0,9101,40636,4465,0,0,0,40636
2004,Dayr Az-Zor,Abu Kamal,5,11459,0,11459,50465,4404,0,0,0,50465
2004,Hassakeh,Hassakeh,1,0,0,0,0,0,50,57,1140,57
2004,Hassakeh,Hassakeh,2,29665,0,29665,90004,3034,35564,37022,1041,127026
2004,Hassakeh,Hassakeh,3,12713,0,12713,43898,3453,12676,4596,363,48494
2004,Hassakeh,Hassakeh,4,11478,0,11478,35579,3099,15375,1942,126,37521
2004,Hassakeh,Hassakeh,5,11685,0,11685,45186,3867,178,0,0,45186
2004,Hassakeh,Quamishli,1,19117,0,19117,53295,2788,51460,36208,704,89503
2004,Hassakeh,Quamishli,2,14507,0,14507,48062,3312,24923,15113,606,63175
2004,Hassakeh,Quamishli,3,5453,0,5453,16561,3037,6006,2596,432,19157
2004,Hassakeh,Al-Malika,1,26846,0,26846,104270,3884,85496,140129,1639,244399
2004,Hassakeh,Al-Malika,2,955,0,955,3343,3500,8070,7172,889,10515
2004,Hassakeh,Al-Malika,3,65,0,65,0,0,2225,214,96,214
2004,Hassakeh,Ras Al-Ain,1,20052,0,20052,86645,4321,4649,7216,1552,93861
2004,Hassakeh,Ras Al-Ain,2,62153,0,62153,231395,3723,25756,18802,730,250197
2004,Hassakeh,Ras Al-Ain,3,530,0,530,0,0,1000,0,0,0
2004,Hassakeh,Ras Al-Ain,4,350,0,350,1215,3471.428571,0,0,0,1215
2005,Homs,Tall Kalakh,1,2950,0,2950,11741,3980,1598,3564,2230,15305
2005,Homs,Tall Kalakh,1,2950,0,2950,11741,3980,1598,3564,2230,15305
2005,Homs,Tall Kalakh,1,2950,0,2950,11741,3980,1598,3564,2230,15305
2005,Homs,Tall Kalakh,1,2950,0,2950,11741,3980,1598,3564,2230,15305
2005,Homs,Tall Kalakh,1,2950,0,2950,11741,3980,1598,3564,2230,15305
2005,Homs,Tall Kalakh,1,2950,0,2950,11741,3980,1598,3564,2230,15305
2005,Hama,Hama,2,108,0,108,536,4962.962963,30,52,1733.333333,588
2005,Hama,Hama,3,715,0,715,3546,4959.440559,0,0,0,3546
2005,Hama,Hama,4,1712,0,1712,7961,4649,0,0,0,7961
2005,Hama,As-Salamiyeh,2,0,0,0,0,0,0,0,0,0
2005,Hama,As-Salamiyeh,3,0,0,0,0,0,0,0,0,0
2005,Hama,As-Salamiyeh,4,0,0,0,0,0,0,0,0,0
2005,Hama,As-Salamiyeh,5,0,0,0,0,0,0,0,0,0
2005,Hama,Masyaf,1,0,0,0,0,0,0,0,0,0
2005,Hama,Muhradah,1,0,0,0,0,0,0,0,0,0
2005,Hama,Al-Ghab,1,3791,0,3791,21912,5780,218,654,3000,22566
2005,Idleb,Idleb,1,4551,0,4551,21344,4690,8124,22991,2830,44335
2005,Idleb,Idleb,2,1478,0,1478,6932,4690,7144,13573,1900,20505
2005,Idleb,Idleb,3,1878,0,1878,10330,5500,5354,10012,1870,20342
2005,Idleb,Harim,1,733,0,733,2961,4040,365,1266,3468,4227
2005,Idleb,Al-Jisr Ash-Shu,1,18,0,18,72,4000,510,1770,3470,1842
2005,Idleb,Al-Ma'ra,1,485,0,485,2333,4810,9757,20684,2120,23017
2005,Idleb,Al-Ma'ra,2,214,0,214,1530,7150,15374,28288,1840,29818
2005,Idleb,Al-Ma'ra,3,0,0,0,0,0,3200,2912,910,2912
2005,Idleb,Ariha,1,717,0,717,3405,4750,175,421,2405,3826
2005,Tartous,Tartous,1,4921,0,4921,22637,4600,335,922,2752,23559
2005,Tartous,Banyas,1,29,0,29,134,4620,669,1840,2750,1974
2005,Tartous,Safita,1,71,0,71,328,4620,302,827,2738,1155
2005,Tartous,Dreikisch,1,0,0,0,0,0,90,247,2744,247
2005,Tartous,Sheikh Badr,1,0,0,0,0,0,2011,4243,2110,4243
2005,Lattakia,Al-Hafa,1,0,0,0,0,0,32,57,1781,57
2005,Aleppo,A'zaz,1,2085,0,2085,10675,5120,18874,46619,2470,57294
2005,Aleppo,A'zaz,2,418,0,418,2070,4950,5800,11600,2000,13670
2005,Aleppo,Afrin,1,1135,0,1135,4790,4220,1403,3101,2210,7891
2005,Aleppo,Jarablus,2,802,0,802,4115,5130,22333,24566,1100,28681
2005,Aleppo,Al-Bab,1,0,0,0,0,0,1500,2686,1790,2686
2005,Aleppo,Al-Bab,2,321,0,321,1278,3980,28772,33087,1150,34365
2005,Aleppo,Al-Bab,3,7012,0,7012,27978,3990,2049,3811,1860,31789
2005,Aleppo,Al-Bab,4,2623,0,2623,10492,4000,0,0,0,10492
2005,Aleppo,Menbij,2,4668,0,4668,16618,3560,21097,19831,940,36449
2005,Aleppo,Menbij,3,3698,0,3698,14311,3870,9103,7919,870,22230
2005,Aleppo,Menbij,4,21763,0,21763,95757,4400,1744,1309,750,97066
2005,Aleppo,Menbij,5,5580,0,5580,30796,5520,0,0,0,30796
2005,Aleppo,Ain Al-Arab,2,13170,0,13170,51495,3910,55310,74092,1340,125587
2005,Aleppo,Ain Al-Arab,3,3322,0,3322,11428,3440,2800,2800,1000,14228
2005,Aleppo,Jebel Saman,1,566,0,566,1947,3440,1134,2019,1780,3966
2005,Aleppo,Jebel Saman,2,1820,0,1820,7353,4040,1302,2460,1890,9813
2005,Aleppo,Jebel Saman,3,263,0,263,863,3280,447,491,1100,1354
2005,Aleppo,Jebel Saman,4,70,0,70,219,3130,0,0,0,219
2005,Aleppo,As-Safira,2,2423,0,2423,12479,5150,1911,3440,1800,15919
2005,Aleppo,As-Safira,3,1959,0,1959,9991,5100,2828,3111,1100,13102
2005,Aleppo,As-Safira,4,464,0,464,2069,4460,778,700,900,2769
2005,Aleppo,As-Safira,5,600,0,600,3306,5510,0,0,0,3306
2005,Raqqa,Raqqa,3,364,0,364,1991,5470,5900,0,0,1991
2005,Raqqa,Raqqa,4,21798,0,21798,99835,4580,23514,0,0,99835
2005,Raqqa,Raqqa,5,20708,0,20708,107889,5210,500,0,0,107889
2005,Raqqa,Tell Abiad,2,20386,0,20386,94387,4630,38578,46679,1210,141066
2005,Raqqa,Tell Abiad,3,2500,0,2500,10000,4000,18948,7958,420,17958
2005,Raqqa,Tell Abiad,4,255,0,255,842,3300,4380,0,0,842
2005,Raqqa,Tabqat,3,1527,0,1527,8399,5500,49,81,1653,8480
2005,Raqqa,Tabqat,4,1858,0,1858,8528,4590,4555,1093,240,9621
2005,Raqqa,Tabqat,5,16618,0,16618,73950,4450,218,11,50,73961
2005,Dayr Az-Zor,Dayr Az-Zor,4,2250,0,2250,9923,4410,3300,0,0,9923
2005,Dayr Az-Zor,Dayr Az-Zor,5,35955,0,35955,165754,4610,0,0,0,165754
2005,Dayr Az-Zor,Al-Mayadin,5,9288,0,9288,34923,3760,0,0,0,34923
2005,Dayr Az-Zor,Abu Kamal,5,16165,0,16165,67246,4160,0,0,0,67246
2005,Hassakeh,Hassakeh,1,0,0,0,0,0,495,629,1270,629
2005,Hassakeh,Hassakeh,2,21905,0,21905,79734,3640,48214,28639,594,108373
2005,Hassakeh,Hassakeh,3,11692,0,11692,44664,3820,18044,4800,266,49464
2005,Hassakeh,Hassakeh,4,11820,0,11820,45389,3840,12959,129,10,45518
2005,Hassakeh,Hassakeh,5,13371,0,13371,47600,3560,53,0,0,47600
2005,Hassakeh,Quamishli,1,21312,0,21312,78642,3690,52158,44335,850,122977
2005,Hassakeh,Quamishli,2,12372,0,12372,47756,3860,33904,17291,510,65047
2005,Hassakeh,Quamishli,3,3806,0,3806,13322,3500,6759,0,0,13322
2005,Hassakeh,Al-Malika,1,31671,0,31671,124150,3920,91148,133987,1470,258137
2005,Hassakeh,Al-Malika,2,1095,0,1095,4238,3870,9500,4370,460,8608
2005,Hassakeh,Al-Malika,3,140,0,140,490,3500,1970,788,400,1278
2005,Hassakeh,Ras Al-Ain,1,18882,0,18882,84592,4480,5967,7100,1190,91692
2005,Hassakeh,Ras Al-Ain,2,62214,0,62214,237035,3810,24344,12173,500,249208
2005,Hassakeh,Ras Al-Ain,3,730,0,730,2197,3010,2810,748,266,2945
2005,Hassakeh,Ras Al-Ain,4,495,0,495,1733,3500,0,0,0,1733
2007,Homs,Tall Kalakh,1,2834,0,2834,8998,3175,2002,5313,2654,14311
2007,Homs,Tall Kalakh,1,2834,0,2834,8998,3175,2002,5313,2654,14311
2007,Homs,Tall Kalakh,1,2834,0,2834,8998,3175,2002,5313,2654,14311
2007,Homs,Tall Kalakh,1,2834,0,2834,8998,3175,2002,5313,2654,14311
2007,Homs,Tall Kalakh,1,2834,0,2834,8998,3175,2002,5313,2654,14311
2007,Homs,Tall Kalakh,1,2834,0,2834,8998,3175,2002,5313,2654,14311
2007,Hama,Hama,2,71,0,71,293,4126,0,0,0,293
2007,Hama,Hama,3,334,0,334,1319,3949,0,0,0,1319
2007,Hama,Hama,4,970,0,970,3613,3725,0,0,0,3613
2007,Hama,Al-Ghab,1,7009,0,7009,34975,4990,122,232,1902,35207
2007,Idleb,Idleb,1,4850,0,4850,21748,4484,6081,9499,1562,31247
2007,Idleb,Idleb,2,1650,0,1650,8027,4865,4072,5138,1262,13165
2007,Idleb,Idleb,3,1934,0,1934,7341,3796,4058,4070,1003,11411
2007,Idleb,Harim,1,1004,0,1004,2134,2125,17,37,2176,2171
2007,Idleb,Al-Jisr Ash-Shu,1,53,0,53,170,3208,132,293,2220,463
2007,Idleb,Al-Ma'ra,1,537,0,537,1803,3358,9711,15674,1614,17477
2007,Idleb,Al-Ma'ra,2,216,0,216,1024,4741,15566,15426,991,16450
2007,Idleb,Al-Ma'ra,3,0,0,0,0,0,2890,1226,424,1226
2007,Idleb,Ariha,1,671,0,671,3187,4749,99,217,2192,3404
2007,Tartous,Tartous,1,4739,0,4739,13838,2920,156,250,1603,14088
2007,Tartous,Banyas,1,9,0,9,23,2556,193,193,1000,216
2007,Tartous,Safita,1,142,0,142,355,2500,315,216,686,571
2007,Tartous,Dreikisch,1,0,0,0,0,0,0,0,0,0
2007,Tartous,Sheikh Badr,1,0,0,0,0,0,528,845,1600,845
2007,Lattakia,Al-Hafa,1,0,0,0,0,0,40,70,1750,70
2007,Aleppo,A'zaz,1,1139,0,1139,3987,3500,15605,20287,1300,24274
2007,Aleppo,A'zaz,2,299,0,299,1047,3500,5469,5469,1000,6516
2007,Aleppo,Afrin,1,1300,0,1300,5707,4390,940,2671,2841,8378
2007,Aleppo,Jarablus,2,1334,0,1334,4611,3456,17648,21866,1239,26477
2007,Aleppo,Al-Bab,1,0,0,0,0,0,1290,3665,2841,3665
2007,Aleppo,Al-Bab,2,404,0,404,1770,4381,31929,35346,1107,37116
2007,Aleppo,Al-Bab,3,7915,0,7915,44102,5572,2000,788,394,44890
2007,Aleppo,Al-Bab,4,2977,0,2977,12950,4350,0,0,0,12950
2007,Aleppo,Menbij,2,3612,0,3612,14654,4057,28171,14621,519,29275
2007,Aleppo,Menbij,3,2911,0,2911,12581,4322,6885,2720,395,15301
2007,Aleppo,Menbij,4,18912,0,18912,85672,4530,334,0,0,85672
2007,Aleppo,Menbij,5,8237,0,8237,48087,5838,0,0,0,48087
2007,Aleppo,Ain Al-Arab,2,14203,0,14203,50975,3589,55054,31877,579,82852
2007,Aleppo,Ain Al-Arab,3,3509,0,3509,12702,3620,1800,0,0,12702
2007,Aleppo,Jebel Saman,1,531,0,531,2124,4000,1351,3378,2500,5502
2007,Aleppo,Jebel Saman,2,1654,0,1654,6616,4000,1633,2450,1500,9066
2007,Aleppo,Jebel Saman,3,229,0,229,916,4000,899,270,300,1186
2007,Aleppo,Jebel Saman,4,73,0,73,292,4000,0,0,0,292
2007,Aleppo,As-Safira,2,1916,0,1916,8509,4441,2473,4464,1805,12973
2007,Aleppo,As-Safira,3,2321,0,2321,7165,3087,2630,2625,998,9790
2007,Aleppo,As-Safira,4,334,0,334,1159,3470,180,0,0,1159
2007,Aleppo,As-Safira,5,700,0,700,2450,3500,0,0,0,2450
2007,Raqqa,Raqqa,3,180,0,180,713,3961,500,0,0,713
2007,Raqqa,Raqqa,4,18841,0,18841,96071,5099,3990,0,0,96071
2007,Raqqa,Raqqa,5,15863,0,15863,83629,5272,50,0,0,83629
2007,Raqqa,Tell Abiad,2,22232,0,22232,97799,4399,32914,9347,284,107146
2007,Raqqa,Tell Abiad,3,3470,0,3470,9282,2675,14675,0,0,9282
2007,Raqqa,Tell Abiad,4,1117,0,1117,2709,2425,2318,0,0,2709
2007,Raqqa,Tabqat,3,2395,0,2395,10011,4180,0,0,0,10011
2007,Raqqa,Tabqat,4,3025,0,3025,13622,4503,0,0,0,13622
2007,Raqqa,Tabqat,5,16188,0,16188,69609,4300,0,0,0,69609
2007,Dayr Az-Zor,Dayr Az-Zor,4,2680,0,2680,10184,3800,1300,0,0,10184
2007,Dayr Az-Zor,Dayr Az-Zor,5,32312,0,32312,129507,4008,0,0,0,129507
2007,Dayr Az-Zor,Al-Mayadin,5,6194,0,6194,25940,4188,0,0,0,25940
2007,Dayr Az-Zor,Abu Kamal,5,15846,0,15846,56919,3592,0,0,0,56919
2007,Hassakeh,Hassakeh,1,222,0,222,552,2486,335,302,901,854
2007,Hassakeh,Hassakeh,2,26905,0,26905,88571,3292,39014,28402,728,116973
2007,Hassakeh,Hassakeh,3,10479,0,10479,34141,3258,12476,4180,335,38321
2007,Hassakeh,Hassakeh,4,11722,0,11722,36267,3094,7714,825,107,37092
2007,Hassakeh,Hassakeh,5,8762,0,8762,28949,3304,0,0,0,28949
2007,Hassakeh,Quamishli,1,25549,0,25549,92206,3609,47978,71919,1499,164125
2007,Hassakeh,Quamishli,2,11282,0,11282,34421,3051,13376,12292,919,46713
2007,Hassakeh,Quamishli,3,4615,0,4615,12922,2800,3022,1088,360,14010
2007,Hassakeh,Al-Malika,1,29205,0,29205,100057,3426,81425,123196,1513,223253
2007,Hassakeh,Al-Malika,2,1315,0,1315,4142,3150,8295,8046,970,12188
2007,Hassakeh,Al-Malika,3,140,0,140,364,2600,1685,285,169,649
2007,Hassakeh,Ras Al-Ain,1,14635,0,14635,55247,3775,1811,9489,5239,64736
2007,Hassakeh,Ras Al-Ain,2,50967,0,50967,191585,3759,4272,18457,4321,210042
2007,Hassakeh,Ras Al-Ain,3,520,0,520,1695,3259,21791,1248,57,2943
2007,Hassakeh,Ras Al-Ain,4,150,0,150,393,2620,4190,0,0,393
2007,Homs,Tall Kalakh,1,2439,0,2439,6799,2788,896,1229,1372,8028
2007,Homs,Tall Kalakh,1,2439,0,2439,6799,2788,896,1229,1372,8028
2007,Homs,Tall Kalakh,1,2439,0,2439,6799,2788,896,1229,1372,8028
2007,Homs,Tall Kalakh,1,2439,0,2439,6799,2788,896,1229,1372,8028
2007,Homs,Tall Kalakh,1,2439,0,2439,6799,2788,896,1229,1372,8028
2007,Hama,Hama,2,0,0,0,0,0,0,0,0,0
2007,Hama,Hama,3,0,0,0,0,0,0,0,0,0
2007,Hama,Hama,4,0,0,0,0,0,0,0,0,0
2007,Hama,Al-Ghab,1,7024,0,7024,25342,3608,198,363,1833,25705
2007,Idleb,Idleb,1,3051,0,3051,12603,4131,2049,3342,1631,15945
2007,Idleb,Idleb,2,563,0,563,1962,3485,793,421,531,2383
2007,Idleb,Idleb,3,534,0,534,1744,3266,543,0,0,1744
2007,Idleb,Harim,1,88,0,88,367,4170,2,4,2000,371
2007,Idleb,Al-Jisr Ash-Shu,1,44,0,44,201,4568,53,112,2113,313
2007,Idleb,Al-Ma'ra,1,818,0,818,2936,3589,7929,8191,1033,11127
2007,Idleb,Al-Ma'ra,2,864,0,864,3348,3875,11121,1602,144,4950
2007,Idleb,Al-Ma'ra,3,0,0,0,0,0,3650,0,0,0
2007,Idleb,Ariha,1,295,0,295,1319,4471,76,84,1105,1403
2007,Tartous,Tartous,1,4698,0,4698,14717,3132,273,512,1875,15229
2007,Tartous,Banyas,1,9,0,9,9,1000,211,188,891,197
2007,Tartous,Safita,1,154,0,154,185,1201,171,180,1053,365
2007,Tartous,Dreikisch,1,0,0,0,0,0,0,0,0,0
2007,Tartous,Sheikh Badr,1,0,0,0,0,0,485,378,779,378
2007,Lattakia,Al-Hafa,1,0,0,0,0,0,11,11,1000,11
2007,Lattakia,Jablah,1,0,0,0,0,0,4,4,1000,4
2007,Aleppo,A'zaz,1,1912,0,1912,5736,3000,17845,23574,1321,29310
2007,Aleppo,A'zaz,2,402,0,402,1085,2699,2954,1344,455,2429
2007,Aleppo,Afrin,1,1830,0,1830,6837,3736,1415,2715,1919,9552
2007,Aleppo,Jarablus,2,2224,0,2224,7624,3428,4000,0,0,7624
2007,Aleppo,Al-Bab,1,0,0,0,0,0,1290,249,193,249
2007,Aleppo,Al-Bab,2,515,0,515,1049,2037,31028,4158,134,5207
2007,Aleppo,Al-Bab,3,9380,0,9380,21237,2264,2278,275,121,21512
2007,Aleppo,Al-Bab,4,2976,0,2976,7532,2531,0,0,0,7532
2007,Aleppo,Menbij,2,3065,0,3065,9679,3158,28838,0,0,9679
2007,Aleppo,Menbij,3,1362,0,1362,2167,1591,5587,0,0,2167
2007,Aleppo,Menbij,4,21307,0,21307,81073,3805,242,0,0,81073
2007,Aleppo,Menbij,5,9024,0,9024,38993,4321,0,0,0,38993
2007,Aleppo,Ain Al-Arab,2,14337,0,14337,28459,1985,55060,0,0,28459
2007,Aleppo,Ain Al-Arab,3,3465,0,3465,8316,2400,1662,0,0,8316
2007,Aleppo,Jebel Saman,1,803,0,803,2767,3446,1307,510,390,3277
2007,Aleppo,Jebel Saman,2,1708,0,1708,4807,2814,1603,253,158,5060
2007,Aleppo,Jebel Saman,3,146,0,146,140,959,906,0,0,140
2007,Aleppo,Jebel Saman,4,43,0,43,35,814,0,0,0,35
2007,Aleppo,As-Safira,2,2494,0,2494,12435,4986,2700,0,0,12435
2007,Aleppo,As-Safira,3,2995,0,2995,8266,2760,3150,0,0,8266
2007,Aleppo,As-Safira,4,328,0,328,739,2253,0,0,0,739
2007,Aleppo,As-Safira,5,700,0,700,1540,2200,0,0,0,1540
2007,Raqqa,Raqqa,3,1775,0,1775,7136,4020,400,0,0,7136
2007,Raqqa,Raqqa,4,17220,0,17220,57084,3315,710,0,0,57084
2007,Raqqa,Raqqa,5,20227,0,20227,78825,3897,0,0,0,78825
2007,Raqqa,Tell Abiad,2,20807,0,20807,56928,2736,31105,0,0,56928
2007,Raqqa,Tell Abiad,3,4397,0,4397,7695,1750,13311,0,0,7695
2007,Raqqa,Tell Abiad,4,525,0,525,248,472,0,0,0,248
2007,Raqqa,Tabqat,3,950,0,950,2237,2355,100,0,0,2237
2007,Raqqa,Tabqat,4,1364,0,1364,3455,2533,10,0,0,3455
2007,Raqqa,Tabqat,5,9886,0,9886,35846,3626,400,0,0,35846
2007,Dayr Az-Zor,Dayr Az-Zor,4,0,0,0,0,0,0,0,0,0
2007,Dayr Az-Zor,Dayr Az-Zor,5,17983,0,17983,51503,2864,0,0,0,51503
2007,Dayr Az-Zor,Al-Mayadin,5,8628,0,8628,23701,2747,0,0,0,23701
2007,Dayr Az-Zor,Abu Kamal,5,15556,0,15556,44288,2847,0,0,0,44288
2007,Hassakeh,Hassakeh,1,184,0,184,405,2201,648,0,0,405
2007,Hassakeh,Hassakeh,2,24510,0,24510,39192,1599,30865,0,0,39192
2007,Hassakeh,Hassakeh,3,10445,0,10445,17349,1661,11436,0,0,17349
2007,Hassakeh,Hassakeh,4,12231,0,12231,18689,1528,6007,0,0,18689
2007,Hassakeh,Hassakeh,5,11382,0,11382,19372,1702,0,0,0,19372
2007,Hassakeh,Quamishli,1,22676,0,22676,43538,1920,38665,0,0,43538
2007,Hassakeh,Quamishli,2,10330,0,10330,15030,1455,8563,0,0,15030
2007,Hassakeh,Quamishli,3,6308,0,6308,11815,1873,3791,0,0,11815
2007,Hassakeh,Al-Malika,1,25921,0,25921,33023,1274,77595,0,0,33023
2007,Hassakeh,Al-Malika,2,1175,0,1175,248,211,6905,0,0,248
2007,Hassakeh,Al-Malika,3,105,0,105,0,0,1485,0,0,0
2007,Hassakeh,Ras Al-Ain,1,15940,0,15940,63760,4000,4932,0,0,63760
2007,Hassakeh,Ras Al-Ain,2,67429,0,67429,187116,2775,22015,0,0,187116
2007,Hassakeh,Ras Al-Ain,3,516,0,516,921,1785,3803,0,0,921
2007,Hassakeh,Ras Al-Ain,4,135,0,135,314,2326,0,0,0,314
2009,Homs,Tall Kalakh,1,2699,0,2699,11689,4331,962,2140,2225,13829
2009,Homs,Tall Kalakh,1,2699,0,2699,11689,4331,962,2140,2225,13829
2009,Homs,Tall Kalakh,1,2699,0,2699,11689,4331,962,2140,2225,13829
2009,Homs,Tall Kalakh,1,2699,0,2699,11689,4331,962,2140,2225,13829
2009,Homs,Tall Kalakh,1,2699,0,2699,11689,4331,962,2140,2225,13829
2009,Hama,Hama,2,59,0,59,215,3644,0,0,0,215
2009,Hama,Hama,3,432,0,432,1318,3051,0,0,0,1318
2009,Hama,Hama,4,665,0,665,2328,3501,0,0,0,2328
2009,Hama,Al-Ghab,1,8832,0,8832,47136,5337,388,1575,4059,48711
2009,Idleb,Idleb,1,5954,0,5954,29145,4895,3946,10943,2773,40088
2009,Idleb,Idleb,2,1709,0,1709,8162,4776,836,1735,2075,9897
2009,Idleb,Idleb,3,1240,0,1240,5232,4219,1840,3139,1706,8371
2009,Idleb,Harim,1,494,0,494,2361,4779,21,0,0,2361
2009,Idleb,Al-Jisr Ash-Shu,1,78,0,78,356,4564,110,567,5155,923
2009,Idleb,Al-Ma'ra,1,1173,0,1173,5490,4680,7930,24678,3112,30168
2009,Idleb,Al-Ma'ra,2,62,0,62,272,4387,9835,6697,681,6969
2009,Idleb,Al-Ma'ra,3,8,0,8,14,1750,960,180,188,194
2009,Idleb,Ariha,1,981,0,981,4601,4690,214,0,0,4601
2009,Tartous,Tartous,1,4534,0,4534,23259,5130,121,552,4562,23811
2009,Tartous,Banyas,1,10,0,10,44,4400,1053,0,0,44
2009,Tartous,Safita,1,191,0,191,592,3100,310,605,1952,1197
2009,Tartous,Dreikisch,1,0,0,0,0,0,0,0,0,0
2009,Tartous,Sheikh Badr,1,0,0,0,0,0,443,397,896,397
2009,Lattakia,Al-Hafa,1,0,0,0,0,0,43,0,0,0
2009,Aleppo,A'zaz,1,1684,0,1684,7980,4739,14189,37998,2678,45978
2009,Aleppo,A'zaz,2,384,0,384,1395,3633,3677,1867,508,3262
2009,Aleppo,Afrin,1,992,0,992,4702,4740,2474,5352,2163,10054
2009,Aleppo,Jarablus,2,1579,0,1579,8116,5140,5465,2093,383,10209
2009,Aleppo,Al-Bab,1,0,0,0,0,0,450,246,547,246
2009,Aleppo,Al-Bab,2,274,0,274,1557,5682,15389,5694,370,7251
2009,Aleppo,Al-Bab,3,8424,0,8424,46762,5551,2058,624,303,47386
2009,Aleppo,Al-Bab,4,3610,0,3610,19397,5373,0,0,0,19397
2009,Aleppo,Menbij,2,2625,0,2625,15304,5830,18753,4257,227,19561
2009,Aleppo,Menbij,3,686,0,686,3260,4752,1355,355,262,3615
2009,Aleppo,Menbij,4,20480,0,20480,94310,4605,0,0,0,94310
2009,Aleppo,Menbij,5,8776,0,8776,26942,3069,0,0,0,26942
2009,Aleppo,Ain Al-Arab,2,13895,0,13895,66793,4807,55052,29893,543,96686
2009,Aleppo,Ain Al-Arab,3,3575,0,3575,15111,4227,1660,0,0,15111
2009,Aleppo,Jebel Saman,1,1063,0,1063,6299,5925,1130,3567,3157,9866
2009,Aleppo,Jebel Saman,2,1820,0,1820,8906,4893,764,820,1073,9726
2009,Aleppo,Jebel Saman,3,448,0,448,1577,3520,895,542,606,2119
2009,Aleppo,Jebel Saman,4,79,0,79,261,3304,0,0,0,261
2009,Aleppo,As-Safira,2,3068,0,3068,20464,6670,2000,1121,561,21585
2009,Aleppo,As-Safira,3,3443,0,3443,16709,4853,2533,844,333,17553
2009,Aleppo,As-Safira,4,416,0,416,1752,4212,0,0,0,1752
2009,Aleppo,As-Safira,5,634,0,634,2540,4006,0,0,0,2540
2009,Raqqa,Raqqa,3,275,0,275,1845,6709,120,0,0,1845
2009,Raqqa,Raqqa,4,20825,0,20825,135591,6511,535,0,0,135591
2009,Raqqa,Raqqa,5,15115,0,15115,96086,6357,0,0,0,96086
2009,Raqqa,Tell Abiad,2,20742,0,20742,80749,3893,20769,1121,54,81870
2009,Raqqa,Tell Abiad,3,2765,0,2765,8624,3119,2639,0,0,8624
2009,Raqqa,Tell Abiad,4,240,0,240,635,2646,20,0,0,635
2009,Raqqa,Tabqat,3,975,0,975,5002,5130,0,0,0,5002
2009,Raqqa,Tabqat,4,1115,0,1115,4820,4323,15,0,0,4820
2009,Raqqa,Tabqat,5,8828,0,8828,38385,4348,30,0,0,38385
2009,Dayr Az-Zor,Dayr Az-Zor,4,788,0,788,3345,4245,0,0,0,3345
2009,Dayr Az-Zor,Dayr Az-Zor,5,21434,0,21434,85758,4001,0,0,0,85758
2009,Dayr Az-Zor,Al-Mayadin,5,8390,0,8390,28073,3346,0,0,0,28073
2009,Dayr Az-Zor,Abu Kamal,5,16921,0,16921,53217,3145,0,0,0,53217
2009,Hassakeh,Hassakeh,1,238,0,238,1091,4584,860,54,63,1145
2009,Hassakeh,Hassakeh,2,21102,0,21102,94748,4489,31247,3656,117,98404
2009,Hassakeh,Hassakeh,3,5992,0,5992,26364,4399,9085,0,0,26364
2009,Hassakeh,Hassakeh,4,4267,0,4267,18382,4308,1614,0,0,18382
2009,Hassakeh,Hassakeh,5,5120,0,5120,20490,4002,0,0,0,20490
2009,Hassakeh,Quamishli,1,22219,0,22219,104429,4699,88965,20284,228,124713
2009,Hassakeh,Quamishli,2,4009,0,4009,17239,4300,15007,0,0,17239
2009,Hassakeh,Quamishli,3,887,0,887,3741,4218,4211,0,0,3741
2009,Hassakeh,Al-Malika,1,18572,0,18572,83407,4490,127505,119727,939,203134
2009,Hassakeh,Al-Malika,2,433,0,433,1829,4224,9717,49,5,1878
2009,Hassakeh,Al-Malika,3,52,0,52,203,3904,1960,0,0,203
2009,Hassakeh,Ras Al-Ain,1,18181,0,18181,89341,4914,5044,661,131,90002
2009,Hassakeh,Ras Al-Ain,2,62810,0,62810,304942,4855,26360,2874,109,307816
2009,Hassakeh,Ras Al-Ain,3,475,0,475,1900,4000,3640,0,0,1900
2009,Hassakeh,Ras Al-Ain,4,120,0,120,456,3800,0,0,0,456
2011,Homs,Tall Kalakh,1,2987,0,2987,11822,3958,1754,3224,1838,15046
2011,Homs,Tall Kalakh,1,0,0,0,0,0,0,0,0,0
2011,Homs,Tall Kalakh,1,0,0,0,0,0,0,0,0,0
2011,Homs,Tall Kalakh,1,0,0,0,0,0,0,0,0,0
2011,Homs,Tall Kalakh,1,0,0,0,0,0,0,0,0,0
2011,Homs,Tall Kalakh,1,0,0,0,0,0,0,0,0,0
2011,Hama,Hama,2,374,0,374,1459,3901,8,0,0,1459
2011,Hama,Hama,3,682,0,682,2704,3965,0,0,0,2704
2011,Hama,Hama,4,1878,0,1878,8470,4510,0,0,0,8470
2011,Hama,Al-Ghab,1,7822,0,7822,36204,4628,281,923,3285,37127
2011,Idleb,Idleb,1,4196,0,4196,25130,5989,5858,19009,3245,44139
2011,Idleb,Idleb,2,2815,0,2815,14568,5175,2412,5533,2294,20101
2011,Idleb,Idleb,3,4106,0,4106,17266,4205,215,4,19,17270
2011,Idleb,Harim,1,100,0,100,552,5520,0,0,0,552
2011,Idleb,Al-Jisr Ash-Shu,1,260,0,260,1025,3942,179,705,3939,1730
2011,Idleb,Al-Ma'ra,1,1225,0,1225,4608,3762,8945,25717,2875,30325
2011,Idleb,Al-Ma'ra,2,280,0,280,821,2932,10567,22645,2143,23466
2011,Idleb,Al-Ma'ra,3,0,0,0,0,0,800,71,89,71
2011,Idleb,Ariha,1,622,0,622,2845,4574,339,917,2705,3762
2011,Tartous,Tartous,1,3715,0,3715,8268,2226,68,67,985,8335
2011,Tartous,Banyas,1,13,0,13,0,0,157,0,0,0
2011,Tartous,Safita,1,169,0,169,273,1615,150,145,967,418
2011,Tartous,Dreikisch,1,0,0,0,0,0,0,0,0,0
2011,Tartous,Sheikh Badr,1,0,0,0,0,0,499,531,1064,531
2011,Lattakia,Al-Hafa,1,0,0,0,0,0,75,0,0,0
2011,Lattakia,Jablah,1,0,0,0,0,0,12,32,2667,32
2011,Aleppo,A'zaz,1,1295,0,1295,5669,4378,10139,15635,1542,21304
2011,Aleppo,A'zaz,2,254,0,254,1138,4480,2924,3541,1211,4679
2011,Aleppo,Afrin,1,760,0,760,3869,5091,2702,0,0,3869
2011,Aleppo,Jarablus,2,1737,0,1737,7196,4143,7859,3678,468,10874
2011,Aleppo,Al-Bab,1,0,0,0,0,0,870,345,397,345
2011,Aleppo,Al-Bab,2,0,0,0,0,0,19390,7640,394,7640
2011,Aleppo,Al-Bab,3,0,0,0,0,0,59,19,322,19
2011,Aleppo,Al-Bab,4,0,0,0,0,0,0,0,0,0
2011,Aleppo,Menbij,2,1606,0,1606,5261,3276,13130,0,0,5261
2011,Aleppo,Menbij,3,1076,0,1076,4060,3773,720,0,0,4060
2011,Aleppo,Menbij,4,21508,0,21508,79386,3691,0,0,0,79386
2011,Aleppo,Menbij,5,7284,0,7284,25916,3558,0,0,0,25916
2011,Aleppo,Ain Al-Arab,2,15843,0,15843,61312,3870,55000,64020,1164,125332
2011,Aleppo,Ain Al-Arab,3,4056,0,4056,17003,4192,1660,1328,800,18331
2011,Aleppo,Jebel Saman,1,1432,0,1432,6149,4294,1916,3148,1643,9297
2011,Aleppo,Jebel Saman,2,11498,0,11498,46257,4023,6225,6480,1041,52737
2011,Aleppo,Jebel Saman,3,2527,0,2527,9714,3844,7194,949,132,10663
2011,Aleppo,Jebel Saman,4,599,0,599,1629,2720,0,0,0,1629
2011,Aleppo,As-Safira,2,1817,0,1817,8126,4472,1170,358,306,8484
2011,Aleppo,As-Safira,3,2056,0,2056,11595,5639,1365,1071,785,12666
2011,Aleppo,As-Safira,4,541,0,541,2611,4826,0,0,0,2611
2011,Aleppo,As-Safira,5,81,0,81,327,4037,0,0,0,327
2011,Aleppo,Al-Atarib,1,634,0,634,2162,3410,0,0,0,2162
2011,Aleppo,Dayr Hafir,2,299,0,299,1509,5047,650,215,331,1724
2011,Aleppo,Dayr Hafir,3,7604,0,7604,35039,4608,2000,660,330,35699
2011,Aleppo,Dayr Hafir,4,3843,0,3843,17981,4679,0,0,0,17981
2011,Raqqa,Raqqa,3,335,0,335,1987,5931,300,0,0,1987
2011,Raqqa,Raqqa,4,16391,0,16391,91970,5611,1217,0,0,91970
2011,Raqqa,Raqqa,5,16971,0,16971,96377,5679,0,0,0,96377
2011,Raqqa,Tell Abiad,2,18619,0,18619,97172,5219,22226,45,2,97217
2011,Raqqa,Tell Abiad,3,10235,0,10235,37563,3670,6970,0,0,37563
2011,Raqqa,Tell Abiad,4,290,0,290,1362,4697,520,0,0,1362
2011,Raqqa,Tabqat,3,676,0,676,3064,4533,0,0,0,3064
2011,Raqqa,Tabqat,4,549,0,549,2742,4995,0,0,0,2742
2011,Raqqa,Tabqat,5,9947,0,9947,56887,5719,0,0,0,56887
2011,Dayr Az-Zor,Dayr Az-Zor,4,1008,0,1008,3699,3670,0,0,0,3699
2011,Dayr Az-Zor,Dayr Az-Zor,5,17796,0,17796,67625,3800,0,0,0,67625
2011,Dayr Az-Zor,Al-Mayadin,5,18221,0,18221,71062,3900,0,0,0,71062
2011,Dayr Az-Zor,Abu Kamal,5,7876,0,7876,25290,3211,0,0,0,25290
2011,Hassakeh,Hassakeh,1,375,0,375,1208,3221,320,0,0,1208
2011,Hassakeh,Hassakeh,2,15414,0,15414,48631,3155,27066,0,0,48631
2011,Hassakeh,Hassakeh,3,4669,0,4669,10621,2275,6853,0,0,10621
2011,Hassakeh,Hassakeh,4,5132,0,5132,20307,3957,6745,0,0,20307
2011,Hassakeh,Hassakeh,5,4082,0,4082,13948,3417,0,0,0,13948
2011,Hassakeh,Quamishli,1,18810,0,18810,85002,4519,54151,12996,240,97998
2011,Hassakeh,Quamishli,2,6066,0,6066,26235,4325,16223,3585,221,29820
2011,Hassakeh,Quamishli,3,1817,0,1817,4693,2583,1614,202,125,4895
2011,Hassakeh,Al-Malika,1,15496,0,15496,46519,3002,90974,69413,763,115932
2011,Hassakeh,Al-Malika,2,1360,0,1360,2381,1751,6460,0,0,2381
2011,Hassakeh,Al-Malika,3,40,0,40,42,1050,850,0,0,42
2011,Hassakeh,Ras Al-Ain,1,9901,0,9901,43386,4382,2649,1799,679,45185
2011,Hassakeh,Ras Al-Ain,2,44139,0,44139,186575,4227,20221,122,6,186697
2011,Hassakeh,Ras Al-Ain,3,265,0,265,1150,4339,4125,0,0,1150
2011,Hassakeh,Ras Al-Ain,4,75,0,75,324,4320,0,0,0,324
2015,Homs,Tall Kalakh,1,1913,0,1913,6696,3500,1491,2237,1500,8933
2015,Homs,Tall Kalakh,1,0,0,0,0,0,0,0,0,0
2015,Homs,Tall Kalakh,1,0,0,0,0,0,0,0,0,0
2015,Homs,Tall Kalakh,1,0,0,0,0,0,0,0,0,0
2015,Homs,Tall Kalakh,1,0,0,0,0,0,0,0,0,0
2015,Homs,Tall Kalakh,1,0,0,0,0,0,0,0,0,0
2015,Homs,Tadmor,5,1585,0,1585,6311,3981,0,0,0,6311
2015,Hama,Hama,2,148,0,148,290,1959,0,0,0,290
2015,Hama,Hama,3,15,0,15,39,2600,0,0,0,39
2015,Hama,Hama,4,100,0,100,275,2750,0,0,0,275
2015,Hama,Al-Ghab,1,6212,0,6212,21180,3409,51,137,2686,21317
2015,Idleb,Idleb,1,5305.329,0,5305.329,14653,2762,8228.803,9917,1205,24570
2015,Idleb,Idleb,2,3303.566,0,3303.566,9124,2762,1336.007,1609,1204,10733
2015,Idleb,Idleb,3,5045.686,0,5045.686,13936,2762,118.862,143,1203,14079
2015,Idleb,Harim,1,68.201,0,68.201,189,2771,0,0,0,189
2015,Idleb,Al-Jisr Ash-Shu,1,228.534,0,228.534,632,2765,122.428,150,1225,782
2015,Idleb,Al-Ma'ra,1,23.93,0,23.93,66,2758,2518.682,3032,1204,3098
2015,Idleb,Al-Ma'ra,2,14.358,0,14.358,40,2786,5139.585,6188,1204,6228
2015,Idleb,Al-Ma'ra,3,0,0,0,0,0,424.337,511,1204,511
2015,Idleb,Ariha,1,290.752,0,290.752,803,2762,398.187,479,1203,1282
2015,Idleb,Khan Sheikhun,1,1425.044,0,1425.044,3936,2762,4414.528,5315,1204,9251
2015,Idleb,Khan Sheikhun,2,270.411,0,270.411,747,2762,3149.838,3792,1204,4539
2015,Tartous,Tartous,1,3043,0,3043,9498,3121,10,20,2000,9518
2015,Tartous,Banyas,1,0,0,0,0,0,102,102,1000,102
2015,Tartous,Safita,1,102,0,102,297,2912,133,379,2850,676
2015,Tartous,Dreikisch,1,0,0,0,0,0,0,0,0,0
2015,Tartous,Sheikh Badr,1,0,0,0,0,0,282,305,1082,305
2015,Tartous,Al-Qadmus,1,0,0,0,0,0,461,692,1501,692
2015,Lattakia,Al-Hafa,1,0,0,0,0,0,3,8,2667,8
2015,Lattakia,Jablah,1,0,0,0,0,0,21,54,2571,54
2015,Aleppo,A'zaz,1,1475,0,1475,9180,6224,2756,51840,18808,61020
2015,Aleppo,A'zaz,2,854,0,854,1290,1511,1692,10500,6207,11790
2015,Aleppo,Afrin,1,1698,0,1698,7650,4505,1918,5000,2607,12650
2015,Aleppo,Jarablus,2,1018,0,1018,2880,2829,1056,4500,4261,7380
2015,Aleppo,Al-Bab,1,0,0,0,0,0,0,0,0,0
2015,Aleppo,Al-Bab,2,1255,0,1255,16400,13068,502,7000,13944,23400
2015,Aleppo,Al-Bab,3,0,0,0,0,0,0,0,0,0
2015,Aleppo,Al-Bab,4,0,0,0,0,0,0,0,0,0
2015,Aleppo,Menbij,2,1824,0,1824,7425,4071,5150,5150,1000,12575
2015,Aleppo,Menbij,3,1404,0,1404,7368,5248,0,0,0,7368
2015,Aleppo,Menbij,4,18418,0,18418,59628,3237,0,0,0,59628
2015,Aleppo,Menbij,5,5396,0,5396,15669,2904,0,0,0,15669
2015,Aleppo,Ain Al-Arab,2,12046,0,12046,27387,2274,21640,43280,2000,70667
2015,Aleppo,Ain Al-Arab,3,3293,0,3293,2196,667,1660,3320,2000,5516
2015,Aleppo,Jebel Saman,1,1307,0,1307,7353,5626,1921,4803,2500,12156
2015,Aleppo,Jebel Saman,2,1607,0,1607,55328,34429,5875,11750,2000,67078
2015,Aleppo,Jebel Saman,3,897,0,897,8298,9251,5400,8100,1500,16398
2015,Aleppo,Jebel Saman,4,119,0,119,1899,15958,0,0,0,1899
2015,Aleppo,As-Safira,2,780,0,780,2000,2564,1000,3000,3000,5000
2015,Aleppo,As-Safira,3,861,0,861,3200,3717,0,0,0,3200
2015,Aleppo,As-Safira,4,0,0,0,0,0,0,0,0,0
2015,Aleppo,As-Safira,5,0,0,0,0,0,0,0,0,0
2015,Aleppo,Al-Atarib,1,1201,0,1201,6750,5620,400,1400,3500,8150
2015,Aleppo,Dayr Hafir,2,769,0,769,430,559,200,300,1500,730
2015,Aleppo,Dayr Hafir,3,1418,0,1418,14190,10007,400,520,1300,14710
2015,Aleppo,Dayr Hafir,4,953,0,953,12900,13536,0,0,0,12900
2015,Raqqa,Raqqa,3,308,0,308,1478,4799,279,472,1692,1950
2015,Raqqa,Raqqa,4,13774,0,13774,60606,4400,2765,4658,1685,65264
2015,Raqqa,Raqqa,5,17772,0,17772,71088,4000,1052,1774,1686,72862
2015,Raqqa,Tell Abiad,2,22700,0,22700,110000,4846,17565,29582,1684,139582
2015,Raqqa,Tell Abiad,3,6574,0,6574,31555,4800,1200,2022,1685,33577
2015,Raqqa,Tell Abiad,4,903,0,903,4334,4800,0,0,0,4334
2015,Raqqa,Tabqat,3,933,0,933,4478,4800,0,0,0,4478
2015,Raqqa,Tabqat,4,784,0,784,3451,4402,0,0,0,3451
2015,Raqqa,Tabqat,5,10501,0,10501,46030,4383,3,5,1667,46035
2015,Dayr Az-Zor,Dayr Az-Zor,4,1452,0,1452,3630,2500,0,0,0,3630
2015,Dayr Az-Zor,Dayr Az-Zor,5,17718,0,17718,44295,2500,0,0,0,44295
2015,Dayr Az-Zor,Al-Mayadin,5,8463,0,8463,21157.5,2500,0,0,0,21157.5
2015,Dayr Az-Zor,Abu Kamal,5,10865,0,10865,27162.5,2500,0,0,0,27162.5
2015,Hassakeh,Hassakeh,1,695,0,695,2428,3494,2028,2282,1125,4710
2015,Hassakeh,Hassakeh,2,9320,0,9320,27354,2935,21040,21776,1035,49130
2015,Hassakeh,Hassakeh,3,3893,0,3893,9842,2528,6279,4822,768,14664
2015,Hassakeh,Hassakeh,4,4107,0,4107,9656,2351,2236,1675,749,11331
2015,Hassakeh,Hassakeh,5,218,0,218,483,2216,0,0,0,483
2015,Hassakeh,Quamishli,1,7969,0,7969,27882,3499,38823,44608,1149,72490
2015,Hassakeh,Quamishli,2,1519,0,1519,4038,2658,4128,4306,1043,8344
2015,Hassakeh,Quamishli,3,538,0,538,1385,2574,587,454,773,1839
2015,Hassakeh,Al-Malika,1,7835,0,7835,27415,3499,37437,43389,1159,70804
2015,Hassakeh,Al-Malika,2,305,0,305,816,2675,1729,1819,1052,2635
2015,Hassakeh,Al-Malika,3,18,0,18,44,2444,98,77,786,121
2015,Hassakeh,Ras Al-Ain,1,11129,0,11129,38917,3497,6810,7729,1135,46646
2015,Hassakeh,Ras Al-Ain,2,28217,0,28217,74660,2646,17026,17623,1035,92283
2015,Hassakeh,Ras Al-Ain,3,455,0,455,1167,2565,3860,2964,768,4131
2015,Hassakeh,Ras Al-Ain,4,97,0,97,230,2371,555,0,0,230
2016,Homs,Tall Kalakh,1,632,0,632,0,0,997,1258,1262,1258
2016,Homs,Tall Kalakh,1,0,0,0,0,0,0,0,0,0
2016,Homs,Tall Kalakh,1,632,0,632,0,0,997,1258,1262,1258
2016,Homs,Tall Kalakh,1,632,0,632,0,0,997,1258,1262,1258
2016,Homs,Tall Kalakh,1,632,0,632,0,0,997,1258,1262,1258
2016,Homs,Tall Kalakh,1,632,0,632,0,0,997,1258,1262,1258
2016,Hama,Hama,2,12,0,12,54,4500,70,140,2000,194
2016,Hama,Hama,3,0,0,0,0,0,0,0,0,0
2016,Hama,Hama,4,94,0,94,273,2904,0,0,0,273
2016,Hama,Al-Ghab,1,1734,0,1734,4040,2330,0,0,0,4040
2016,Idleb,Idleb,1,0,0,0,0,0,0,0,0,0
2016,Idleb,Idleb,2,0,0,0,0,0,0,0,0,0
2016,Idleb,Idleb,3,0,0,0,0,0,0,0,0,0
2016,Idleb,Harim,1,0,0,0,0,0,0,0,0,0
2016,Idleb,Al-Jisr Ash-Shu,1,0,0,0,0,0,0,0,0,0
2016,Idleb,Al-Ma'ra,1,0,0,0,0,0,0,0,0,0
2016,Idleb,Al-Ma'ra,2,0,0,0,0,0,0,0,0,0
2016,Idleb,Al-Ma'ra,3,0,0,0,0,0,0,0,0,0
2016,Idleb,Ariha,1,0,0,0,0,0,0,0,0,0
2016,Tartous,Tartous,1,1894,0,1894,0,0,0,31,0,31
2016,Tartous,Banyas,1,0,0,0,0,0,0,0,0,0
2016,Tartous,Safita,1,62,0,62,0,0,0,0,0,0
2016,Tartous,Dreikisch,1,0,0,0,0,0,0,0,0,0
2016,Tartous,Sheikh Badr,1,0,0,0,0,0,0,0,0,0
2016,Lattakia,Al-Hafa,1,0,0,0,0,0,0,0,0,0
2016,Lattakia,Jablah,1,0,0,0,0,0,0,0,0,0
2016,Aleppo,A'zaz,1,1811,0,1811,0,0,14131,0,0,0
2016,Aleppo,A'zaz,2,298,0,298,0,0,3040,0,0,0
2016,Aleppo,Afrin,1,800,0,800,0,0,3903,0,0,0
2016,Aleppo,Jarablus,2,1630,0,1630,0,0,5000,0,0,0
2016,Aleppo,Al-Bab,1,0,0,0,0,0,0,0,0,0
2016,Aleppo,Al-Bab,2,2700,0,2700,0,0,10920,0,0,0
2016,Aleppo,Al-Bab,3,0,0,0,0,0,0,0,0,0
2016,Aleppo,Al-Bab,4,0,0,0,0,0,0,0,0,0
2016,Aleppo,Menbij,2,2055,0,2055,0,0,5432,0,0,0
2016,Aleppo,Menbij,3,2040,0,2040,0,0,0,0,0,0
2016,Aleppo,Menbij,4,16502,0,16502,0,0,0,0,0,0
2016,Aleppo,Menbij,5,4337,0,4334,0,0,0,0,0,0
2016,Aleppo,Ain Al-Arab,2,17918,0,17918,0,0,25400,0,0,0
2016,Aleppo,Ain Al-Arab,3,246,0,246,0,0,1600,0,0,0
2016,Aleppo,Jebel Saman,1,807,0,807,0,0,1556,0,0,0
2016,Aleppo,Jebel Saman,2,5940,0,5940,0,0,4759,0,0,0
2016,Aleppo,Jebel Saman,3,1015,0,1015,0,0,4452,0,0,0
2016,Aleppo,Jebel Saman,4,239,0,239,0,0,0,0,0,0
2016,Aleppo,As-Safira,2,1990,0,1990,0,0,298,0,0,0
2016,Aleppo,As-Safira,3,300,0,300,0,0,293,0,0,0
2016,Aleppo,As-Safira,4,10,0,10,0,0,0,0,0,0
2016,Aleppo,As-Safira,5,0,0,0,0,0,0,0,0,0
2016,Aleppo,Al-Atarib,1,1226,0,1226,0,0,680,0,0,0
2016,Aleppo,Dayr Hafir,2,700,0,700,0,0,300,0,0,0
2016,Aleppo,Dayr Hafir,3,200,0,200,0,0,0,0,0,0
2016,Aleppo,Dayr Hafir,4,0,0,0,0,0,0,0,0,0
2016,Raqqa,Raqqa,3,0,0,0,0,0,0,0,0,0
2016,Raqqa,Raqqa,4,0,0,0,0,0,0,0,0,0
2016,Raqqa,Raqqa,5,0,0,0,0,0,0,0,0,0
2016,Raqqa,Tell Abiad,2,0,0,0,0,0,0,0,0,0
2016,Raqqa,Tell Abiad,3,0,0,0,0,0,0,0,0,0
2016,Raqqa,Tell Abiad,4,0,0,0,0,0,0,0,0,0
2016,Raqqa,Tabqat,3,0,0,0,0,0,0,0,0,0
2016,Raqqa,Tabqat,4,0,0,0,0,0,0,0,0,0
2016,Raqqa,Tabqat,5,0,0,0,0,0,0,0,0,0
2016,Dayr Az-Zor,Dayr Az-Zor,4,0,0,0,0,0,0,0,0,0
2016,Dayr Az-Zor,Dayr Az-Zor,5,0,0,0,0,0,0,0,0,0
2016,Dayr Az-Zor,Al-Mayadin,5,0,0,0,0,0,0,0,0,0
2016,Dayr Az-Zor,Abu Kamal,5,0,0,0,0,0,0,0,0,0
2016,Hassakeh,Hassakeh,1,866,0,866,0,0,2675,0,0,0
2016,Hassakeh,Hassakeh,2,8397,0,8397,0,0,31257,0,0,0
2016,Hassakeh,Hassakeh,3,3734,0,3734,0,0,10295,0,0,0
2016,Hassakeh,Hassakeh,4,3456,0,3456,0,0,3233,0,0,0
2016,Hassakeh,Hassakeh,5,350,0,350,0,0,0,0,0,0
2016,Hassakeh,Quamishli,1,7867,0,7867,0,0,51729,0,0,0
2016,Hassakeh,Quamishli,2,1594,0,1594,0,0,8921,0,0,0
2016,Hassakeh,Quamishli,3,1146,0,1146,0,0,2754,0,0,0
2016,Hassakeh,Al-Malika,1,8132,0,8132,0,0,39817,0,0,0
2016,Hassakeh,Al-Malika,2,178,0,178,0,0,1534,0,0,0
2016,Hassakeh,Al-Malika,3,10,0,10,0,0,100,0,0,0
2016,Hassakeh,Ras Al-Ain,1,16064,0,16064,0,0,11404,0,0,0
2016,Hassakeh,Ras Al-Ain,2,25164,0,25164,0,0,27490,0,0,0
2016,Hassakeh,Ras Al-Ain,3,287,0,287,0,0,4167,0,0,0
2016,Hassakeh,Ras Al-Ain,4,100,0,100,0,0,0,0,0,0
2017,Homs,Tall Kalakh,1,582,0,582,1505.925,2587,1022,1309.4375,1281,2815.3625
2017,Homs,Tall Kalakh,1,582,0,582,1505.925,2587,1022,1309.4375,1281,2815.3625
2017,Homs,Tall Kalakh,1,582,0,582,1505.925,2587,1022,1309.4375,1281,2815.3625
2017,Homs,Tall Kalakh,1,582,0,582,1505.925,2587,1022,1309.4375,1281,2815.3625
2017,Homs,Tall Kalakh,1,582,0,582,1505.925,2587,1022,1309.4375,1281,2815.3625
2017,Homs,Tall Kalakh,1,582,0,582,1505.925,2587,1022,1309.4375,1281,2815.3625
2017,Hama,Hama,2,0,0,0,0,0,0,0,0,0
2017,Hama,Hama,3,5,0,5,0,0,0,0,0,0
2017,Hama,Hama,4,95,0,95,332.5,3500,0,0,0,332.5
2017,Hama,Al-Ghab,1,20285,0,20285,44120,2175,721,1207,1674,45327
2017,Idleb,Idleb,1,2835,0,2835,7401.828,2611,9460,12054.083,1274,19455.912
2017,Idleb,Idleb,2,473,0,473,887.283,1875,2347,2519.537,1073,3406.82
2017,Idleb,Idleb,3,496,0,496,831.649,1676,708,443.775,627,1275.425
2017,Idleb,Harim,1,192,0,192,501.288,2610,1120,1427.122,1274,1928.41
2017,Idleb,Al-Jisr Ash-Shu,1,555,0,555,1449.035,2610,4060,5173.317,1274,6622.352
2017,Idleb,Al-Ma'ra,1,794,0,794,2073.034,2610,1000,1000,1000,3073.034
2017,Idleb,Al-Ma'ra,2,397,0,397,744.717,1875,3118,5643.463,1810,6388.18
2017,Idleb,Al-Ma'ra,3,234,0,234,392.351,1676,680,426.225,627,818.575
2017,Idleb,Ariha,1,314,0,314,819.814,2610,683,870.29,1274,1690.104
2017,Idleb,Khan Sheikhun,1,0,0,0,0,0,4500,4500,1000,4500
2017,Idleb,Khan Sheikhun,2,0,0,0,0,0,2139,1508,705,1508
2017,Tartous,Tartous,1,2009,0,2009,6216,3094,14,15,1071,6231
2017,Tartous,Banyas,1,0,0,0,0,0,47,59,1255,59
2017,Tartous,Safita,1,71,0,71,112,1577,146,100,685,212
2017,Tartous,Dreikisch,1,0,0,0,0,0,0,0,0,0
2017,Tartous,Sheikh Badr,1,0,0,0,0,0,254,291,1146,291
2017,Lattakia,Al-Hafa,1,0,0,0,2052,0,0,0,0,2052
2017,Lattakia,Jablah,1,0,0,0,0,0,68,87,1279,87
2017,Aleppo,A'zaz,1,1811,0,1811,7244,4000,14131,7772.05,550,15016.05
2017,Aleppo,A'zaz,2,298,0,298,931.25,3125,3040,1398.4,460,2329.65
2017,Aleppo,Afrin,1,800,0,800,3200,4000,3903,5109.027,1309,8309.027
2017,Aleppo,Jarablus,2,1558,0,1558,4000,2567,4000,4600,1150,8600
2017,Aleppo,Al-Bab,1,0,0,0,0,0,0,0,0,0
2017,Aleppo,Al-Bab,2,1243,0,1243,2921.05,2350,821,1232.1,1500,4153.15
2017,Aleppo,Al-Bab,3,0,0,0,0,0,0,0,0,0
2017,Aleppo,Al-Bab,4,0,0,0,0,0,0,0,0,0
2017,Aleppo,Menbij,2,1364,0,1364,2728,2000,6700,6700,1000,9428
2017,Aleppo,Menbij,3,1361,0,1361,2721.2,2000,0,0,0,2721.2
2017,Aleppo,Menbij,4,27636,0,27636,55271,2000,0,0,0,55271
2017,Aleppo,Menbij,5,4155,0,4155,4155,1000,0,0,0,4155
2017,Aleppo,Ain Al-Arab,2,8897,0,8897,17795.8,2000,41332,41331.9,1000,59127.7
2017,Aleppo,Ain Al-Arab,3,1844,0,1844,3687,2000,4701,4700.5,1000,8387.5
2017,Aleppo,Jebel Saman,1,1418,0,1418,2836,2000,1631,1631,1000,4467
2017,Aleppo,Jebel Saman,2,9990,0,9990,21878.1,2190,5006,5581.69,1115,27459.79
2017,Aleppo,Jebel Saman,3,1687,0,1687,2530.5,1500,4612,2306.5,500,4837
2017,Aleppo,Jebel Saman,4,405,0,405,0,0,0,0,0,0
2017,Aleppo,As-Safira,2,611,0,611,1523.447,2493,1904,441.774,232,1965.221
2017,Aleppo,As-Safira,3,2908,0,2908,6906.5,2375,562,119.749,213,7026.249
2017,Aleppo,As-Safira,4,75,0,75,75.3,1004,15,0,0,75.3
2017,Aleppo,As-Safira,5,0,0,0,0,0,0,0,0,0
2017,Aleppo,Al-Atarib,1,426,0,426,1278,3000,680,1700,2500,2978
2017,Aleppo,Dayr Hafir,2,0,0,0,0,0,0,0,0,0
2017,Aleppo,Dayr Hafir,4,0,0,0,0,0,0,0,0,0
2017,Aleppo,Dayr Hafir,0,0,0,0,0,0,0,0,0,0
2017,Raqqa,Raqqa,3,0,0,0,0,0,0,0,0,0
2017,Raqqa,Raqqa,4,0,0,0,0,0,0,0,0,0
2017,Raqqa,Raqqa,5,0,0,0,0,0,0,0,0,0
2017,Raqqa,Tell Abiad,2,0,0,0,0,0,0,0,0,0
2017,Raqqa,Tell Abiad,3,0,0,0,0,0,0,0,0,0
2017,Raqqa,Tell Abiad,4,0,0,0,0,0,0,0,0,0
2017,Raqqa,Tabqat,3,0,0,0,0,0,0,0,0,0
2017,Raqqa,Tabqat,4,0,0,0,0,0,0,0,0,0
2017,Raqqa,Tabqat,5,0,0,0,0,0,0,0,0,0
2017,Dayr Az-Zor,Dayr Az-Zor,4,0,0,0,0,0,0,0,0,0
2017,Dayr Az-Zor,Dayr Az-Zor,5,0,0,0,0,0,0,0,0,0
2017,Dayr Az-Zor,Al-Mayadin,5,0,0,0,0,0,0,0,0,0
2017,Dayr Az-Zor,Abu Kamal,5,0,0,0,0,0,0,0,0,0
2017,Hassakeh,Hassakeh,1,710,0,710,1810.5,2550,2750,3437.5,1250,5248
2017,Hassakeh,Hassakeh,2,3210,0,3210,6672.21,2078.57,24750,22964.535,927.86,29636.745
2017,Hassakeh,Hassakeh,3,1480,0,1480,2849,1925,6000,3682.5,613.75,6531.5
2017,Hassakeh,Hassakeh,4,2450,0,2450,4655,1900,1900,0,0,4655
2017,Hassakeh,Hassakeh,5,1100,0,1100,1980,1800,0,0,0,1980
2017,Hassakeh,Quamishli,1,13100,0,13100,31199.877,2381.67,53000,67133.51,1266.67,98333.387
2017,Hassakeh,Quamishli,2,2850,0,2850,5956.5,2090,10900,10173.297,933.33,16129.797
2017,Hassakeh,Quamishli,3,1450,0,1450,2900,2000,1400,0,0,2900
2017,Hassakeh,Al-Malika,1,6450,0,6450,19672.5,3050,46500,72656.25,1562.5,92328.75
2017,Hassakeh,Al-Malika,2,150,0,150,352.5,2350,3500,4200,1200,4552.5
2017,Hassakeh,Al-Malika,3,50,0,50,110,2200,400,360,900,470
2017,Hassakeh,Ras Al-Ain,1,13500,0,13500,31050,2300,15800,21330,1350,52380
2017,Hassakeh,Ras Al-Ain,2,16900,0,16900,37180,2200,36100,10943.33,303.14,48123.33
2017,Hassakeh,Ras Al-Ain,3,250,0,250,341.668,1366.67,6500,0,0,341.668
2017,Hassakeh,Ras Al-Ain,4,100,0,100,195,1950,0,0,0,195
2019,Homs,Tall Kalakh,1,0,0,0,0,0,0,0,0,0
2019,Homs,Tall Kalakh,1,0,0,0,0,0,0,0,0,0
2019,Homs,Tall Kalakh,1,0,0,0,0,0,0,0,0,0
2019,Homs,Tall Kalakh,1,0,0,0,0,0,0,0,0,0
2019,Homs,Tall Kalakh,1,0,0,0,0,0,0,0,0,0
2019,Homs,Tall Kalakh,1,0,0,0,0,0,0,0,0,0
2019,Hama,Hama,2,0,0,0,0,0,0,0,0,0
2019,Hama,Hama,3,30,0,30,90,3000,0,0,0,90
2019,Hama,Hama,4,130,0,130,358,2754,0,0,0,358
2019,Hama,Al-Ghab,1,5155,0,5155,14664,2845,115,217.925,1895,14881.925
2019,Idleb,Idleb,1,3080,0,3080,5540,1799,9260,8110,876,13650
2019,Idleb,Idleb,2,2523,0,2523,4865,1928,1552,1230,792,6095
2019,Idleb,Idleb,3,146,0,146,220,1507,25,20,800,240
2019,Idleb,Harim,1,392,0,392,695,1773,1270,1105,870,1800
2019,Idleb,Al-Jisr Ash-Shu,1,555,0,555,985,1775,2356,2050,870,3035
2019,Idleb,Al-Ma'ra,1,50,0,50,80,1600,3000,2632,877,2712
2019,Idleb,Al-Ma'ra,2,129,0,129,250,1938,3433,2800,816,3050
2019,Idleb,Al-Ma'ra,3,114,0,114,180,1579,25,20,800,200
2019,Idleb,Ariha,1,301,0,301,535,1777,1483,1290,870,1825
2019,Idleb,Khan Sheikhun,1,1200,0,1200,2165,1804,5500,4813,875,6978
2019,Idleb,Khan Sheikhun,2,1000,0,1000,1885,1885,1839,1470,799,3355
2019,Tartous,Tartous,1,0,0,0,3091,0,0,0,0,3091
2019,Tartous,Banyas,1,0,0,0,0,0,0,0,0,0
2019,Tartous,Safita,1,0,0,0,117,0,0,0,0,117
2019,Tartous,Dreikisch,1,0,0,0,0,0,0,0,0,0
2019,Tartous,Sheikh Badr,1,0,0,0,0,0,0,0,0,0
2019,Lattakia,Al-Hafa,1,0,0,0,0,0,0,0,0,0
2019,Lattakia,Jablah,1,0,0,0,0,0,0,0,0,0
2019,Aleppo,A'zaz,1,0,0,0,0,0,0,0,0,0
2019,Aleppo,A'zaz,2,0,0,0,0,0,0,0,0,0
2019,Aleppo,Afrin,1,0,0,0,0,0,0,0,0,0
2019,Aleppo,Jarablus,2,0,0,0,0,0,0,0,0,0
2019,Aleppo,Al-Bab,1,0,0,0,0,0,0,0,0,0
2019,Aleppo,Al-Bab,2,0,0,0,0,0,0,0,0,0
2019,Aleppo,Al-Bab,3,0,0,0,0,0,0,0,0,0
2019,Aleppo,Al-Bab,4,0,0,0,0,0,0,0,0,0
2019,Aleppo,Menbij,2,0,0,0,0,0,0,0,0,0
2019,Aleppo,Menbij,3,0,0,0,0,0,0,0,0,0
2019,Aleppo,Menbij,4,0,0,0,0,0,0,0,0,0
2019,Aleppo,Menbij,5,0,0,0,0,0,0,0,0,0
2019,Aleppo,Ain Al-Arab,2,0,0,0,0,0,0,0,0,0
2019,Aleppo,Ain Al-Arab,3,0,0,0,0,0,0,0,0,0
2019,Aleppo,Jebel Saman,1,0,0,0,0,0,0,0,0,0
2019,Aleppo,Jebel Saman,2,0,0,0,0,0,0,0,0,0
2019,Aleppo,Jebel Saman,3,0,0,0,0,0,0,0,0,0
2019,Aleppo,Jebel Saman,4,0,0,0,0,0,0,0,0,0
2019,Aleppo,As-Safira,2,0,0,0,0,0,0,0,0,0
2019,Aleppo,As-Safira,3,0,0,0,0,0,0,0,0,0
2019,Aleppo,As-Safira,4,0,0,0,0,0,0,0,0,0
2019,Aleppo,As-Safira,5,0,0,0,0,0,0,0,0,0
2019,Aleppo,Al-Atarib,1,0,0,0,0,0,0,0,0,0
2019,Aleppo,Dayr Hafir,2,0,0,0,0,0,0,0,0,0
2019,Aleppo,Dayr Hafir,3,0,0,0,0,0,0,0,0,0
2019,Aleppo,Dayr Hafir,4,0,0,0,0,0,0,0,0,0
2019,Raqqa,Raqqa,3,5000,0,5000,16250,3250,19300,38600,2000,54850
2019,Raqqa,Raqqa,4,13100,0,13100,42575,3250,0,0,0,42575
2019,Raqqa,Raqqa,5,3438,0,3438,11173.5,3250,0,0,0,11173.5
2019,Raqqa,Tell Abiad,2,28462,0,28462,92501.5,3250,37340,74680,2000,167181.5
2019,Raqqa,Tell Abiad,3,0,0,0,0,0,0,0,0,0
2019,Raqqa,Tell Abiad,4,0,0,0,0,0,0,0,0,0
2019,Raqqa,Tabqat,3,0,0,0,0,0,0,0,0,0
2019,Raqqa,Tabqat,4,0,0,0,0,0,0,0,0,0
2019,Raqqa,Tabqat,5,0,0,0,0,0,0,0,0,0
2019,Dayr Az-Zor,Dayr Az-Zor,4,2000,0,2000,6200,3100,0,0,0,6200
2019,Dayr Az-Zor,Dayr Az-Zor,5,15913,0,15913,49323,3100,0,0,0,49323
2019,Dayr Az-Zor,Al-Mayadin,5,3092,0,3092,9585,3100,0,0,0,9585
2019,Dayr Az-Zor,Abu Kamal,5,517,0,517,1610,3114,0,0,0,1610
2019,Hassakeh,Hassakeh,1,0,0,0,0,0,0,0,0,0
2019,Hassakeh,Hassakeh,2,0,0,0,0,0,0,0,0,0
2019,Hassakeh,Hassakeh,3,0,0,0,0,0,0,0,0,0
2019,Hassakeh,Hassakeh,4,0,0,0,0,0,0,0,0,0
2019,Hassakeh,Hassakeh,5,0,0,0,0,0,0,0,0,0
2019,Hassakeh,Quamishli,1,0,0,0,0,0,0,0,0,0
2019,Hassakeh,Quamishli,2,0,0,0,0,0,0,0,0,0
2019,Hassakeh,Quamishli,3,0,0,0,0,0,0,0,0,0
2019,Hassakeh,Al-Malika,1,0,0,0,0,0,0,0,0,0
2019,Hassakeh,Al-Malika,2,0,0,0,0,0,0,0,0,0
2019,Hassakeh,Al-Malika,3,0,0,0,0,0,0,0,0,0
2019,Hassakeh,Ras Al-Ain,1,0,0,0,0,0,0,0,0,0
2019,Hassakeh,Ras Al-Ain,2,0,0,0,0,0,0,0,0,0
2019,Hassakeh,Ras Al-Ain,3,0,0,0,0,0,0,0,0,0
2019,Hassakeh,Ras Al-Ain,4,0,0,0,0,0,0,0,0,0
2021,Homs,Tall Kalakh,1,806,0,806,1456,1806,1350,1198,887,2654
2021,Homs,Tall Kalakh,1,0,0,0,0,0,0,0,0,0
2021,Homs,Tall Kalakh,1,0,0,0,0,0,0,0,0,0
2021,Homs,Tall Kalakh,1,0,0,0,0,0,0,0,0,0
2021,Homs,Tall Kalakh,1,0,0,0,0,0,0,0,0,0
2021,Homs,Tall Kalakh,1,0,0,0,0,0,0,0,0,0
2021,Hama,Hama,2,52,0,52,0,0,10,0,0,0
2021,Hama,Hama,3,126,0,126,0,0,0,0,0,0
2021,Hama,Hama,4,280,0,280,0,0,0,0,0,0
2021,Hama,Al-Ghab,1,280,0,280,0,0,0,0,0,0
2021,Idleb,Idleb,1,1050,0,1050,2206,2101,5599,11094,1981,13300
2021,Idleb,Idleb,2,563,0,563,1048,1861,793,1064,1342,2112
2021,Idleb,Idleb,3,534,0,534,1233,2309,543,0,0,1233
2021,Idleb,Harim,1,594,0,594,1573,2648,670,1273,1900,2846
2021,Idleb,Al-Jisr Ash-Shu,1,646,0,646,1734,2684,1200,2280,1900,4014
2021,Idleb,Al-Ma'ra,1,1308,0,1308,3500,2676,5800,11020,1900,14520
2021,Idleb,Al-Ma'ra,2,650,0,650,1872,2880,1850,3515,1900,5387
2021,Idleb,Al-Ma'ra,3,630,0,630,1543,2449,850,1615,1900,3158
2021,Idleb,Ariha,1,680,0,680,1795,2640,740,1406,1900,3201
2021,Idleb,Khan Sheikhun,1,0,0,0,0,0,0,0,0,0
2021,Idleb,Khan Sheikhun,2,0,0,0,0,0,0,0,0,0
2021,Tartous,Tartous,1,705,0,705,1523,2160,134,134,1000,1657
2021,Tartous,Banyas,1,0,0,0,0,0,0,0,0,0
2021,Tartous,Safita,1,132,0,132,367,2780,244,470,1926,837
2021,Tartous,Dreikisch,1,0,0,0,0,0,0,0,0,0
2021,Tartous,Sheikh Badr,1,0,0,0,0,0,411,0,0,0
2021,Lattakia,Al-Hafa,1,0,0,0,0,0,0,0,0,0
2021,Lattakia,Jablah,1,0,0,0,0,0,0,0,0,0
2021,Aleppo,A'zaz,1,830,0,830,3423.75,4125,2127,1028.05,483.33,4451.8
2021,Aleppo,A'zaz,2,140,0,140,463.75,3312.5,525,603.75,1150,1067.5
2021,Aleppo,Afrin,1,841,0,841,2859.4,3400,4021,5629.4,1400,8488.8
2021,Aleppo,Jarablus,2,1530,0,1530,6120,4000,10076,15114,1500,21234
2021,Aleppo,Al-Bab,1,11,0,11,22,2000,760,1140,1500,1162
2021,Aleppo,Al-Bab,2,301,0,301,466.801,1550.83,17480,5438.222,311.11,5905.023
2021,Aleppo,Al-Bab,3,0,0,0,0,0,25,0,0,0
2021,Aleppo,Al-Bab,4,0,0,0,0,0,0,0,0,0
2021,Aleppo,Menbij,2,1837,0,1837,4684.35,2550,1961,1961,1000,6645.35
2021,Aleppo,Menbij,3,2027,0,2027,6562.413,3237.5,443,149.513,337.5,6711.925
2021,Aleppo,Menbij,4,8191,0,8191,31163.032,3804.55,0,0,0,31163.032
2021,Aleppo,Menbij,5,517,0,517,1240.8,2400,0,0,0,1240.8
2021,Aleppo,Ain Al-Arab,2,15500,0,15500,31000,2000,51628,3097.68,60,34097.68
2021,Aleppo,Ain Al-Arab,3,4000,0,4000,8000,2000,2660,159.6,60,8159.6
2021,Aleppo,Jebel Saman,1,832,0,832,931.216,1119.25,796,142.882,179.5,1074.098
2021,Aleppo,Jebel Saman,2,2207,0,2207,5876.138,2662.5,1177,61.425,52.19,5937.562
2021,Aleppo,Jebel Saman,3,552,0,552,787.842,1427.25,1049,13.182,12.57,801.024
2021,Aleppo,Jebel Saman,4,99,0,99,363.825,3675,0,0,0,363.825
2021,Aleppo,As-Safira,2,2319,0,2319,6087.375,2625,3430,471.625,137.5,6559
2021,Aleppo,As-Safira,3,2746,0,2746,6015.456,2190.63,2716,406.042,149.5,6421.498
2021,Aleppo,As-Safira,4,250,0,250,550,2200,0,0,0,550
2021,Aleppo,As-Safira,5,600,0,600,740,1233.33,0,0,0,740
2021,Aleppo,Al-Atarib,1,2000,0,2000,4000,2000,2000,3000,1500,7000
2021,Aleppo,Dayr Hafir,2,105,0,105,262.763,2502.5,24,7.2,300,269.963
2021,Aleppo,Dayr Hafir,3,3408,0,3408,8250.768,2421,0,0,0,8250.768
2021,Aleppo,Dayr Hafir,4,1450,0,1450,3400.25,2345,0,0,0,3400.25
2021,Raqqa,Raqqa,3,200,0,200,720,3600,400,0,0,720
2021,Raqqa,Raqqa,4,900,0,900,3150,3500,500,0,0,3150
2021,Raqqa,Raqqa,5,500,0,500,1750,3500,0,0,0,1750
2021,Raqqa,Tell Abiad,2,3500,0,3500,11900,3400,1200,0,0,11900
2021,Raqqa,Tell Abiad,3,0,0,0,0,0,0,0,0,0
2021,Raqqa,Tell Abiad,4,0,0,0,0,0,0,0,0,0
2021,Raqqa,Tabqat,3,0,0,0,0,0,0,0,0,0
2021,Raqqa,Tabqat,4,0,0,0,0,0,0,0,0,0
2021,Raqqa,Tabqat,5,0,0,0,0,0,0,0,0,0
2021,Dayr Az-Zor,Dayr Az-Zor,4,622.038,0,622.038,1717.508,2761.1,0,0,0,1717.508
2021,Dayr Az-Zor,Dayr Az-Zor,5,25307.962,0,25307.962,69880.346,2761.2,0,0,0,69880.346
2021,Dayr Az-Zor,Al-Mayadin,5,6373,0,6373,16308.507,2559,0,0,0,16308.507
2021,Dayr Az-Zor,Abu Kamal,5,5881,0,5881,15190.623,2583,0,0,0,15190.623
2021,Hassakeh,Hassakeh,1,260,0,260,669.5,2575,1220,0,0,669.5
2021,Hassakeh,Hassakeh,2,12873,0,12873,31860.675,2475,46426,0,0,31860.675
2021,Hassakeh,Hassakeh,3,5437,0,5437,13032.809,2397.06,17270,0,0,13032.809
2021,Hassakeh,Hassakeh,4,4296,0,4296,10127.82,2357.5,16122,0,0,10127.82
2021,Hassakeh,Hassakeh,5,4345,0,4345,10102.125,2325,0,0,0,10102.125
2021,Hassakeh,Quamishli,1,15277,0,15277,38744.169,2536.11,63610,0,0,38744.169
2021,Hassakeh,Quamishli,2,8165,0,8165,19970.229,2445.83,8547,0,0,19970.229
2021,Hassakeh,Quamishli,3,3247,0,3247,7549.275,2325,4200,0,0,7549.275
2021,Hassakeh,Al-Malika,1,10746,0,10746,27637.369,2571.88,54926,0,0,27637.369
2021,Hassakeh,Al-Malika,2,670,0,670,1574.5,2350,2910,0,0,1574.5
2021,Hassakeh,Al-Malika,3,40,0,40,92,2300,765,0,0,92
2021,Hassakeh,Ras Al-Ain,1,7630,0,7630,19666.325,2577.5,9408,0,0,19666.325
2021,Hassakeh,Ras Al-Ain,2,7725,0,7725,19080.75,2470,11354,0,0,19080.75
2021,Hassakeh,Ras Al-Ain,3,1855,0,1855,4359.25,2350,6550,0,0,4359.25
2021,Hassakeh,Ras Al-Ain,4,615,0,615,1414.5,2300,11280,0,0,1414.5
2022,Homs,Tall Kalakh,1,976.1,0,976.1,2433.783,2493,0,0,0,2433.783
2022,Homs,Tall Kalakh,1,976.1,0,976.1,2433.783,2493,0,0,0,2433.783
2022,Homs,Tall Kalakh,1,976.1,0,976.1,2433.783,2493,0,0,0,2433.783
2022,Homs,Tall Kalakh,1,976.1,0,976.1,2433.783,2493,0,0,0,2433.783
2022,Homs,Tall Kalakh,1,976.1,0,976.1,2433.783,2493,0,0,0,2433.783
2022,Homs,Tall Kalakh,1,976.1,0,976.1,2433.783,2493,0,0,0,2433.783
2022,Hama,Hama,2,0,0,0,0,0,0,0,0,0
2022,Hama,Hama,3,0,0,0,0,0,29,54.375,1875,54.375
2022,Hama,Hama,4,0,0,0,0,0,0,0,0,0
2022,Hama,Al-Ghab,1,0,0,0,0,0,0,0,0,0
2022,Idleb,Idleb,1,14,0,14,36.4,2600,93,50.088,538.58,86.488
2022,Idleb,Idleb,2,45,0,45,109.125,2425,1875,117.188,62.5,226.313
2022,Idleb,Idleb,3,757,0,757,1926.565,2545,585,0,0,1926.565
2022,Idleb,Harim,1,200,0,200,500,2500,674,379.125,562.5,879.125
2022,Idleb,Al-Jisr Ash-Shu,1,280,0,280,700,2500,500,244,488,944
2022,Idleb,Al-Ma'ra,1,287,0,287,703.15,2450,1780,934.5,525,1637.65
2022,Idleb,Al-Ma'ra,2,51,0,51,96.237,1887,2989,795.288,266,891.525
2022,Idleb,Al-Ma'ra,3,104,0,104,210.6,2025,1751,0,0,210.6
2022,Idleb,Ariha,1,360,0,360,936,2600,700,269.5,385,1205.5
2022,Idleb,Khan Sheikhun,1,0,0,0,0,0,0,0,0,0
2022,Idleb,Khan Sheikhun,2,0,0,0,0,0,0,0,0,0
2022,Tartous,Tartous,1,3432.75,0,3432.75,9316.102,2714,7.8,8.385,1075,9324.487
2022,Tartous,Banyas,1,0,0,0,0,0,0,0,0,0
2022,Tartous,Safita,1,64,0,64,152.8,2387.5,244.3,470.278,1925,623.078
2022,Tartous,Dreikisch,1,0,0,0,0,0,0,0,0,0
2022,Tartous,Sheikh Badr,1,0,0,0,0,0,447.53,441.936,987.5,441.936
2022,Lattakia,Al-Hafa,1,0,0,0,0,0,0,0,0,0
2022,Lattakia,Jablah,1,0,0,0,0,0,0,0,0,0
2022,Aleppo,A'zaz,1,290,0,290,870,3000,768,119.36,155.42,989.36
2022,Aleppo,A'zaz,2,55,0,55,160.875,2925,37,6.568,177.5,167.443
2022,Aleppo,Afrin,1,341,0,341,1023,3000,3780,567,150,1590
2022,Aleppo,Jarablus,2,1900,0,1900,5700,3000,7000,840,120,6540
2022,Aleppo,Al-Bab,1,11,0,11,33,3000,760,95,125,128
2022,Aleppo,Al-Bab,2,274,0,274,761,2777.37,15895,1907.4,120,2668.4
2022,Aleppo,Al-Bab,3,0,0,0,0,0,10,0,0,0
2022,Aleppo,Al-Bab,4,0,0,0,0,0,0,0,0,0
2022,Aleppo,Menbij,2,1796,0,1796,5388,3000,3466,0,0,5388
2022,Aleppo,Menbij,3,852,0,852,2470.8,2900,0,0,0,2470.8
2022,Aleppo,Menbij,4,14614,0,14614,42453.67,2905,0,0,0,42453.67
2022,Aleppo,Menbij,5,6711,0,6711,17492.222,2606.5,0,0,0,17492.222
2022,Aleppo,Ain Al-Arab,2,8700,0,8700,26100,3000,29000,4350,150,30450
2022,Aleppo,Ain Al-Arab,3,2350,0,2350,7050,3000,1000,150,150,7200
2022,Aleppo,Jebel Saman,1,244,0,244,646.6,2650,419,83.8,200,730.4
2022,Aleppo,Jebel Saman,2,1338,0,1338,3478.8,2600,529,68.77,130,3547.57
2022,Aleppo,Jebel Saman,3,215,0,215,397.75,1850,195,15.6,80,413.35
2022,Aleppo,Jebel Saman,4,0,0,0,0,0,0,0,0,0
2022,Aleppo,As-Safira,2,2200,0,2200,6600,3000,2153,199.153,92.5,6799.153
2022,Aleppo,As-Safira,3,2600,0,2600,7800,3000,1788,258.701,144.69,8058.701
2022,Aleppo,As-Safira,4,200,0,200,515,2575,0,0,0,515
2022,Aleppo,As-Safira,5,500,0,500,1250,2500,0,0,0,1250
2022,Aleppo,Al-Atarib,1,1000,0,1000,3000,3000,1110,166.5,150,3166.5
2022,Aleppo,Dayr Hafir,2,260,0,260,676,2600,0,0,0,676
2022,Aleppo,Dayr Hafir,3,9406,0,9406,23279.85,2475,0,0,0,23279.85
2022,Aleppo,Dayr Hafir,4,3894,0,3894,9850.652,2529.7,0,0,0,9850.652
2022,Raqqa,Raqqa,3,300,0,300,803,2676.67,1200,0,0,803
2022,Raqqa,Raqqa,4,12951,0,12951,34706,2680,11300,0,0,34706
2022,Raqqa,Raqqa,5,6500,0,6500,17420,2680,0,0,0,17420
2022,Raqqa,Tell Abiad,2,23500,0,23500,62980,2680,25500,0,0,62980
2022,Raqqa,Tell Abiad,3,3350,0,3350,8978,2680,9900,0,0,8978
2022,Raqqa,Tell Abiad,4,150,0,150,403,2686.67,200,0,0,403
2022,Raqqa,Tabqat,3,350,0,350,938,2680,1400,0,0,938
2022,Raqqa,Tabqat,4,400,0,400,1072,2680,500,0,0,1072
2022,Raqqa,Tabqat,5,2499,0,2499,6981.636,2793,0,0,0,6981.636
2022,Dayr Az-Zor,Dayr Az-Zor,4,1200,0,1200,3000,2500,0,0,0,3000
2022,Dayr Az-Zor,Dayr Az-Zor,5,13813,0,13813,25385,1838,0,0,0,25385
2022,Dayr Az-Zor,Al-Mayadin,5,3763,0,3763,8370,2224,0,0,0,8370
2022,Dayr Az-Zor,Abu Kamal,5,5198,0,5198,10870,2091,0,0,0,10870
2022,Hassakeh,Hassakeh,1,350,0,350,1085,3100,1449,0,0,1085
2022,Hassakeh,Hassakeh,2,7404,0,7404,21948,2964,30841,0,0,21948
2022,Hassakeh,Hassakeh,3,2054,0,2054,5884,2865,10490,0,0,5884
2022,Hassakeh,Hassakeh,4,2178,0,2178,5758,2644,8224,0,0,5758
2022,Hassakeh,Hassakeh,5,3117,0,3117,8143,2613,0,0,0,8143
2022,Hassakeh,Quamishli,1,6847,0,6847,20390,2978,36130,0,0,20390
2022,Hassakeh,Quamishli,2,2573,0,2573,7230,2810,2644,0,0,7230
2022,Hassakeh,Quamishli,3,2015,0,2015,5473,2716,1745,0,0,5473
2022,Hassakeh,Al-Malika,1,13365,0,13365,39334,2943,43574,0,0,39334
2022,Hassakeh,Al-Malika,2,355,0,355,977,2752,6328,0,0,977
2022,Hassakeh,Al-Malika,3,25,0,25,66.875,2675,1460,0,0,66.875
2022,Hassakeh,Ras Al-Ain,1,8960,0,8960,26835,2995,6470,0,0,26835
2022,Hassakeh,Ras Al-Ain,2,7720,0,7720,21655,2805,7979,0,0,21655
2022,Hassakeh,Ras Al-Ain,3,750,0,750,2106,2808,625,0,0,2106
2022,Hassakeh,Ras Al-Ain,4,0,0,0,0,0,0,0,0,0
2023,Homs,Tall Kalakh,1,950,0,950,1965.313,2068.75,0,0,0,1965.313
2023,Homs,Tall Kalakh,1,950,0,950,1965.313,2068.75,0,0,0,1965.313
2023,Homs,Tall Kalakh,1,950,0,950,1965.313,2068.75,0,0,0,1965.313
2023,Homs,Tall Kalakh,1,950,0,950,1965.313,2068.75,0,0,0,1965.313
2023,Homs,Tall Kalakh,1,950,0,950,1965.313,2068.75,0,0,0,1965.313
2023,Homs,Tall Kalakh,1,950,0,950,1965.313,2068.75,0,0,0,1965.313
2023,Hama,Hama,2,15,0,15,35.25,2350,5,0,0,35.25
2023,Hama,Hama,3,123,0,123,304.9,2479,30,25.07,835.67,329.97
2023,Hama,Hama,4,0,0,0,0,0,0,0,0,0
2023,Hama,Al-Ghab,1,6223,0,6223,23959,3850,90,246.16,2735,24205.16
2023,Idleb,Idleb,1,438,0,438,1116.9,2550,1730,2090,1208,3206.9
2023,Idleb,Idleb,2,143,0,143,432.575,3025,609,526.785,865,959.36
2023,Idleb,Idleb,3,652,0,652,1956,3000,31,21.7,700,1977.7
2023,Idleb,Harim,1,350,0,350,892.5,2550,850,1190,1400,2082.5
2023,Idleb,Al-Jisr Ash-Shu,1,400,0,400,1020,2550,600,840,1400,1860
2023,Idleb,Al-Ma'ra,1,152,0,152,446.5,2937.5,3672,3347.64,911.56,3794.14
2023,Idleb,Al-Ma'ra,2,341,0,341,937.75,2750,1272,1028.2,808.33,1965.95
2023,Idleb,Al-Ma'ra,3,115,0,115,319.125,2775,1598,1098.625,687.5,1417.75
2023,Idleb,Ariha,1,500,0,500,1275,2550,936,1310.4,1400,2585.4
2023,Idleb,Khan Sheikhun,1,0,0,0,0,0,0,0,0,0
2023,Idleb,Khan Sheikhun,2,0,0,0,0,0,0,0,0,0
2023,Tartous,Tartous,1,4953.69,0,4953.69,14931.837,3014,24.65,39.44,1600,14971.277
2023,Tartous,Banyas,1,0,0,0,0,0,602.999,425.869,706.23,425.869
2023,Tartous,Safita,1,39.5,0,39.5,89.369,2262.5,134.9,121.41,900,210.779
2023,Tartous,Dreikisch,1,0,0,0,0,0,0,0,0,0
2023,Tartous,Sheikh Badr,1,0,0,0,0,0,374.8,277.352,740,277.352
2023,Lattakia,Al-Hafa,1,0,0,0,0,0,0,0,0,0
2023,Lattakia,Jablah,1,0,0,0,0,0,0,0,0,0
2023,Aleppo,A'zaz,1,592,0,592,1996.567,3372.58,1078,1338.7,1241.84,3335.267
2023,Aleppo,A'zaz,2,147,0,147,471.975,3210.71,1166,1453.3,1246.4,1925.275
2023,Aleppo,Afrin,1,341,0,341,1159.4,3400,3780,5292,1400,6451.4
2023,Aleppo,Jarablus,2,1472,0,1472,4563.2,3100,7000,7700,1100,12263.2
2023,Aleppo,Al-Bab,1,110,0,110,275,2500,225,180,800,455
2023,Aleppo,Al-Bab,2,353,0,353,693.669,1965,7313,3463,473.5,4156.669
2023,Aleppo,Al-Bab,3,12,0,12,35.4,2950,0,0,0,35.4
2023,Aleppo,Al-Bab,4,0,0,0,0,0,0,0,0,0
2023,Aleppo,Menbij,2,1954,0,1954,7034.4,3600,1144,1218.8,1065.38,8253.2
2023,Aleppo,Menbij,3,1052,0,1052,3497.9,3325,83,0,0,3497.9
2023,Aleppo,Menbij,4,14614,0,14614,46358.856,3172,0,0,0,46358.856
2023,Aleppo,Menbij,5,6711,0,6711,20133,3000,0,0,0,20133
2023,Aleppo,Ain Al-Arab,2,13200,0,13200,47520,3600,16118,16118,1000,63638
2023,Aleppo,Ain Al-Arab,3,3350,0,3350,11390,3400,1000,1000,1000,12390
2023,Aleppo,Jebel Saman,1,477,0,477,1574.1,3300,579,687.563,1187.5,2261.663
2023,Aleppo,Jebel Saman,2,3429,0,3429,10496.55,3061,5511,4374.356,793.75,14870.906
2023,Aleppo,Jebel Saman,3,439,0,439,1111.611,2532.14,4302,2742.525,637.5,3854.136
2023,Aleppo,Jebel Saman,4,0,0,0,0,0,0,0,0,0
2023,Aleppo,As-Safira,2,2350,0,2350,9047.5,3850,1730,1816.5,1050,10864
2023,Aleppo,As-Safira,3,2700,0,2700,9736.875,3606.25,1262,1285.663,1018.75,11022.538
2023,Aleppo,As-Safira,4,200,0,200,673.75,3368.75,0,0,0,673.75
2023,Aleppo,As-Safira,5,500,0,500,1462.5,2925,0,0,0,1462.5
2023,Aleppo,Al-Atarib,1,1095,0,1095,3832.5,3500,600,600,1000,4432.5
2023,Aleppo,Dayr Hafir,2,263,0,263,565.45,2150,0,0,0,565.45
2023,Aleppo,Dayr Hafir,3,7840,0,7840,19649,2506.25,0,0,0,19649
2023,Aleppo,Dayr Hafir,4,3357,0,3357,6630.075,1975,0,0,0,6630.075
2023,Raqqa,Raqqa,3,310,0,310,1116,3600,3000,4400,1466.67,5516
2023,Raqqa,Raqqa,4,13100,0,13100,46178,3525,0,0,0,46178
2023,Raqqa,Raqqa,5,6050,0,6050,21326,3525,0,0,0,21326
2023,Raqqa,Tell Abiad,2,28420,0,28420,99470,3500,35000,50000,1428.57,149470
2023,Raqqa,Tell Abiad,3,3400,0,3400,11900,3500,4000,5800,1450,17700
2023,Raqqa,Tell Abiad,4,160,0,160,560,3500,0,0,0,560
2023,Raqqa,Tabqat,3,340,0,340,1360,4000,1000,1400,1400,2760
2023,Raqqa,Tabqat,4,420,0,420,1680,4000,0,0,0,1680
2023,Raqqa,Tabqat,5,3800,0,3800,10713,2819.21,0,0,0,10713
2023,Dayr Az-Zor,Dayr Az-Zor,4,1200,0,1200,3600,3000,0,0,0,3600
2023,Dayr Az-Zor,Dayr Az-Zor,5,14545.65,0,14545.65,43237.727,2972,0,0,0,43237.727
2023,Dayr Az-Zor,Al-Mayadin,5,2888.8,0,2888.8,7863.314,2722,0,0,0,7863.314
2023,Dayr Az-Zor,Abu Kamal,5,6565.2,0,6565.2,18243,2778,0,0,0,18243
2023,Hassakeh,Hassakeh,1,350,0,350,1081.588,3090.25,1017,1024.628,1007.5,2106.215
2023,Hassakeh,Hassakeh,2,7612.338,0,7612.338,30180.665,3964,30074.754,47286.681,1572,77467.346
2023,Hassakeh,Hassakeh,3,2796,0,2796,10734.517,3839,10124.048,15309.914,1512,26044.43
2023,Hassakeh,Hassakeh,4,1369.244,0,1369.244,5099.149,3723,6692.539,10268.63,1534,15367.779
2023,Hassakeh,Hassakeh,5,744.237,0,744.237,2619.105,3519,0,0,0,2619.105
2023,Hassakeh,Quamishli,1,7230.51,0,7230.51,28411.476,3929,22010.877,34453.46,1565,62864.937
2023,Hassakeh,Quamishli,2,10497.998,0,10497.998,40706.676,3877,12274.165,18622.768,1517,59329.444
2023,Hassakeh,Quamishli,3,3167,0,3167,9809.949,3098,4985,5921.435,1188,15731.384
2023,Hassakeh,Al-Malika,1,17205.368,0,17205.368,68821.472,4000,36284.652,58055.443,1600,126876.915
2023,Hassakeh,Al-Malika,2,5234.382,0,5234.382,20937.526,4000,15653.474,25045.558,1600,45983.084
2023,Hassakeh,Al-Malika,3,3429,0,3429,13716,4000,809.813,1295.701,1600,15011.701
2023,Hassakeh,Ras Al-Ain,1,5529.103,0,5529.103,22116.412,4000,15551.379,24882.207,1600,46998.619
2023,Hassakeh,Ras Al-Ain,2,13650.117,0,13650.117,54600.468,4000,29445.413,47112.66,1600,101713.129
2023,Hassakeh,Ras Al-Ain,3,1026.923,0,1026.923,4107.692,4000,5143.229,8229.167,1600,12336.859
2023,Hassakeh,Ras Al-Ain,4,1972,0,1972,7888,4000,7546.96,12075.136,1600,19963.136
